,DATE,payrolls,unemployment_rate,initial_claims,cont_claims,2yr_yield,10yr_yield,10yr_2yr_spread,sentiment,month,year,month_year,job_opening_rate,hire_rate,quit_rate,discharge_rate,sentiment_lag1,payrolls_lag1,payrolls_change,unemployment_rate_3mo_avg,initial_claims_lag1,initial_claims_momentum,cont_claims_lag1,cont_claims_momentum,2yr_yield_volatility,10yr_yield_volatility,jor_3mo_avg,jor_momentum,hire_3mo_avg,hire_momentum,quit_3mo_avg,quit_momentum,discharge_3mo_avg,discharge_momentum,log_initial_claims,hire_rate_squared,unemployment_rate_log,payrolls_pct_change,predicted_payrolls,predicted_payrolls_pct_change,upside_surprise,downside_surprise,surprise
0,2001-04-30,132458.0,4.4,396750.0,2697250.0,4.234,5.141,0.907,88.4,4,2001,2001-04-01,3.4,3.6,1.8944444444444444,1.4055555555555557,91.5,132751.0,-293.0,4.300000000000001,387200.0,56750.0,2585400.0,301500.0,0.21964832612752383,0.13702255813050487,3.533333333333333,-0.3999999999999999,3.611111111111111,-0.005555555555555092,1.8981481481481481,0.0,1.4055555555555557,-0.016666666666666385,12.891061638388656,12.96,1.4816045409242156,,132108.39383543594,,0,0,1
1,2001-05-31,132408.0,4.3,394500.0,2819250.0,4.26,5.391363636363637,1.1313636363636363,92.0,5,2001,2001-05-01,3.2,3.6166666666666667,1.877777777777778,1.4000000000000001,88.4,132458.0,-50.0,4.333333333333333,396750.0,23250.0,2697250.0,332750.0,0.05652106557730447,0.2529589683514334,3.3666666666666667,-0.5,3.616666666666667,0.016666666666666607,1.8888888888888886,-0.02777777777777768,1.4092592592592592,0.011111111111111294,12.885374419268066,13.080277777777779,1.4586150226995167,-0.0003774781440154529,132089.8395822756,-0.00014044719356332003,0,0,1
2,2001-06-30,132300.0,4.5,397200.0,2947400.0,4.08,5.284285714285714,1.2042857142857142,92.6,6,2001,2001-06-01,3.2,3.594444444444444,1.8888888888888888,1.4166666666666667,92.0,132408.0,-108.0,4.3999999999999995,394500.0,10000.0,2819250.0,362000.0,0.09728994466712759,0.1256174269545669,3.266666666666667,-0.2999999999999998,3.603703703703703,-0.038888888888889195,1.887037037037037,-0.005555555555555536,1.4074074074074074,-0.005555555555555314,12.892195211153155,12.920030864197528,1.5040773967762742,-0.0008156606851549286,131945.58577634266,-0.0010920885844749595,0,1,0
3,2001-07-31,132172.0,4.6,398000.0,3030750.0,4.038571428571428,5.236190476190477,1.1976190476190476,92.4,7,2001,2001-07-01,3.3,3.6,1.872222222222222,1.4111111111111112,92.6,132300.0,-128.0,4.466666666666667,397200.0,1250.0,2947400.0,333500.0,0.11771925555851569,0.07943293078869311,3.233333333333333,-0.10000000000000009,3.603703703703704,0.0,1.8796296296296295,-0.022222222222222365,1.4092592592592592,0.005555555555555536,12.894207284266574,12.96,1.5260563034950492,-0.000967498110355236,131669.87485828315,-0.0020895804618038527,0,1,0
4,2001-08-31,132021.0,4.9,398000.0,3120000.0,3.757391304347826,4.971304347826087,1.2139130434782608,91.5,8,2001,2001-08-01,3.0,3.605555555555555,1.8833333333333333,1.4055555555555557,92.4,132172.0,-151.0,4.666666666666667,398000.0,3500.0,3030750.0,300750.0,0.1755253824471958,0.16854037532010388,3.1666666666666665,-0.20000000000000018,3.5999999999999996,-0.011111111111111516,1.8814814814814813,0.005555555555555314,1.4111111111111112,0.005555555555555536,12.894207284266574,13.000030864197528,1.589235205116581,-0.001142450745997614,131922.1694590602,0.0019161148368114223,1,0,2
5,2001-09-30,131763.0,5.0,435000.0,3262200.0,3.1188235294117646,4.731764705882353,1.6129411764705883,81.8,9,2001,2001-09-01,3.0,3.605555555555555,1.872222222222222,1.4055555555555557,91.5,132021.0,-258.0,4.833333333333333,398000.0,37800.0,3120000.0,314800.0,0.47130444220514306,0.2523189974395351,3.0999999999999996,-0.20000000000000018,3.603703703703703,0.011111111111111072,1.8759259259259258,-0.01666666666666683,1.4074074074074074,-0.011111111111111072,12.983101310070822,13.000030864197528,1.6094379124341003,-0.001954234553593781,131495.63974095907,-0.0032331921150940968,0,1,0
6,2001-10-31,131452.0,5.3,480750.0,3527500.0,2.725909090909091,4.566818181818181,1.8409090909090908,82.7,10,2001,2001-10-01,2.7,3.6166666666666667,1.877777777777778,1.3944444444444444,81.8,131763.0,-311.0,5.066666666666666,435000.0,82750.0,3262200.0,496750.0,0.520593590018666,0.20338619026995527,2.9000000000000004,-0.5999999999999996,3.609259259259259,0.016666666666666607,1.877777777777778,0.00555555555555598,1.401851851851852,-0.01666666666666683,13.083102663451026,13.080277777777779,1.667706820558076,-0.002360298414577744,131209.74113655108,-0.002174205965849496,0,1,0
7,2001-11-30,131144.0,5.5,447500.0,3656500.0,2.7824999999999998,4.6515,1.8690000000000002,83.9,11,2001,2001-11-01,2.8,3.594444444444444,1.8666666666666667,1.3888888888888888,82.7,131452.0,-308.0,5.266666666666667,480750.0,49500.0,3527500.0,536500.0,0.21240598053868306,0.08248311861810459,2.8333333333333335,-0.20000000000000018,3.6055555555555556,-0.011111111111111072,1.872222222222222,-0.016666666666666607,1.3962962962962961,-0.01666666666666683,13.011431816697048,12.920030864197528,1.7047480922384253,-0.00234306058485223,130935.56068508443,-0.0020896348784142926,0,1,0
8,2001-12-31,130983.0,5.7,416800.0,3589400.0,3.107,5.0875,1.9805,88.8,12,2001,2001-12-01,2.7,3.611111111111111,1.872222222222222,1.3944444444444444,83.9,131144.0,-161.0,5.5,447500.0,-18200.0,3656500.0,327200.0,0.2056425142423436,0.27939713853095194,2.733333333333334,-0.2999999999999998,3.6074074074074076,0.00555555555555598,1.8722222222222225,0.0,1.3925925925925924,-0.011111111111111294,12.940361769421294,13.040123456790123,1.7404661748405046,-0.0012276581467699499,130786.71801625493,-0.001136762756051346,0,1,0
9,2002-01-31,130859.0,5.7,408500.0,3550500.0,3.0280952380952377,5.035714285714286,2.0076190476190474,93.0,1,2002,2002-01-01,2.7,3.605555555555555,1.8944444444444444,1.422222222222222,88.8,130983.0,-124.0,5.633333333333333,416800.0,-72250.0,3589400.0,23000.0,0.16923515810173095,0.23818703349504677,2.733333333333333,0.0,3.603703703703703,-0.011111111111111516,1.8777777777777775,0.016666666666666385,1.401851851851852,0.02777777777777768,12.920247193282195,13.000030864197528,1.7404661748405046,-0.0009466877381034688,130742.82437420588,-0.00033561238262436177,0,0,1
10,2002-02-28,130737.0,5.7,399000.0,3554250.0,3.015263157894737,4.911578947368421,1.8963157894736842,90.7,2,2002,2002-02-01,2.6,3.6,1.9055555555555557,1.3888888888888888,93.0,130859.0,-122.0,5.7,408500.0,-48500.0,3550500.0,-102250.0,0.04967607058562483,0.09040608311882892,2.6666666666666665,-0.19999999999999973,3.6055555555555556,0.00555555555555598,1.8907407407407408,0.03888888888888897,1.401851851851852,0.0,12.896716695872,12.96,1.7404661748405046,-0.0009323011791317892,130914.7873814863,0.0013152768276463167,1,0,2
11,2002-03-31,130722.0,5.7,415400.0,3610800.0,3.5575,5.284000000000001,1.7265000000000001,95.7,3,2002,2002-03-01,2.7,3.6333333333333333,1.8944444444444444,1.422222222222222,90.7,130737.0,-15.0,5.7,399000.0,-1400.0,3554250.0,21400.0,0.3094228113617352,0.1896280651643413,2.6666666666666665,0.0,3.6129629629629627,0.022222222222222143,1.8981481481481481,0.022222222222222365,1.4111111111111108,0.02777777777777768,12.93699719042415,13.20111111111111,1.7404661748405046,-0.00011473416094909261,130349.17317927135,-0.00432047604039365,0,1,0
12,2002-04-30,130616.0,5.9,429250.0,3689250.0,3.4227272727272724,5.210909090909091,1.7881818181818183,93.0,4,2002,2002-04-01,2.6,3.6,1.8944444444444444,1.4055555555555557,95.7,130722.0,-106.0,5.766666666666667,415400.0,20750.0,3610800.0,138750.0,0.28231527465733514,0.19733147082469937,2.6333333333333333,-0.10000000000000009,3.6111111111111107,-0.005555555555555092,1.8981481481481481,0.0,1.4055555555555557,-0.016666666666666385,12.969794778759722,12.96,1.7749523509116738,-0.0008108811064702071,130282.91591124765,-0.0005083060092186953,0,0,1
13,2002-05-31,130632.0,5.8,409000.0,3712000.0,3.264090909090909,5.164545454545455,1.9004545454545456,96.9,5,2002,2002-05-01,2.6,3.6166666666666667,1.877777777777778,1.4000000000000001,93.0,130616.0,16.0,5.8,429250.0,10000.0,3689250.0,157750.0,0.14686619676449086,0.06022355048533203,2.6333333333333333,0.0,3.6166666666666667,0.016666666666666607,1.8888888888888886,-0.02777777777777768,1.4092592592592592,0.011111111111111294,12.921470435024938,13.080277777777779,1.7578579175523736,0.00012249647822626386,130443.79778540229,0.0012348654697307282,1,0,2
14,2002-06-30,130674.0,5.8,387200.0,3635200.0,2.993,4.9265,1.9335,92.4,6,2002,2002-06-01,2.5,3.594444444444444,1.8888888888888888,1.4166666666666667,96.9,130632.0,42.0,5.833333333333333,409000.0,-28200.0,3712000.0,24400.0,0.21730213443694976,0.1525908233361107,2.566666666666667,-0.20000000000000018,3.603703703703704,-0.038888888888889195,1.887037037037037,-0.005555555555555536,1.4074074074074074,-0.005555555555555314,12.866696634384558,12.920030864197528,1.7578579175523736,0.0003215138710270793,130911.9677615017,0.0035890550876906957,1,0,2
15,2002-07-31,130584.0,5.8,386000.0,3504250.0,2.5568181818181817,4.653181818181818,2.096363636363636,88.1,7,2002,2002-07-01,2.5,3.6,1.872222222222222,1.4111111111111112,92.4,130674.0,-90.0,5.8,387200.0,-43250.0,3635200.0,-185000.0,0.3568331940482225,0.25588449071706504,2.533333333333333,-0.10000000000000009,3.603703703703703,0.0,1.8796296296296295,-0.022222222222222365,1.4092592592592592,0.005555555555555536,12.863592648446968,12.96,1.7578579175523736,-0.0006887368566049767,131085.87223888614,0.001328407786989061,1,0,2
16,2002-08-31,130581.0,5.7,393600.0,3516800.0,2.1336363636363633,4.257272727272727,2.1236363636363635,87.6,8,2002,2002-08-01,2.6,3.605555555555555,1.8833333333333333,1.4055555555555557,88.1,130584.0,-3.0,5.766666666666667,386000.0,-15400.0,3504250.0,-195200.0,0.42969820596479996,0.3364798110186395,2.533333333333333,0.0,3.5999999999999996,-0.011111111111111516,1.8814814814814813,0.005555555555555314,1.4111111111111112,0.005555555555555536,12.883090444160235,13.000030864197528,1.7404661748405046,-2.2973718066476856e-05,131016.39521391073,-0.0005300115396783545,0,0,1
17,2002-09-30,130502.0,5.7,409500.0,3555000.0,2.0044999999999997,3.87,1.8655000000000002,86.1,9,2002,2002-09-01,2.5,3.605555555555555,1.872222222222222,1.4055555555555557,87.6,130581.0,-79.0,5.733333333333333,393600.0,22300.0,3516800.0,-80200.0,0.28891014336059717,0.39159884530904887,2.533333333333333,0.0,3.603703703703703,0.011111111111111072,1.8759259259259258,-0.01666666666666683,1.4074074074074074,-0.011111111111111072,12.922692182275261,13.000030864197528,1.7404661748405046,-0.0006049884745866763,131170.43682071008,0.0011757429789442941,1,0,2
18,2002-10-31,130617.0,5.7,407500.0,3555750.0,1.9118181818181819,3.940909090909091,2.0290909090909093,80.6,10,2002,2002-10-01,2.6,3.6166666666666667,1.877777777777778,1.3944444444444444,86.1,130502.0,115.0,5.7,409500.0,21500.0,3555000.0,51500.0,0.11140723018117413,0.20619336187020024,2.566666666666667,0.10000000000000009,3.609259259259259,0.016666666666666607,1.877777777777778,0.00555555555555598,1.401851851851852,-0.01666666666666683,12.917796211663054,13.080277777777779,1.7404661748405046,0.0008812125484667366,130951.7352500073,-0.0016673083966450841,0,1,0
19,2002-11-30,130616.0,5.9,392200.0,3482400.0,1.923157894736842,4.048421052631579,2.125263157894737,84.2,11,2002,2002-11-01,2.6,3.594444444444444,1.8666666666666667,1.3888888888888888,80.6,130617.0,-1.0,5.766666666666667,407500.0,-1400.0,3555750.0,-34400.0,0.05055532711663667,0.08983409997425867,2.5666666666666664,0.0,3.6055555555555556,-0.011111111111111072,1.872222222222222,-0.016666666666666607,1.3962962962962961,-0.01666666666666683,12.879527192744384,12.920030864197528,1.7749523509116738,-7.65597127483364e-06,131063.24617887168,0.0008515422010366702,0,0,1
20,2002-12-31,130465.0,6.0,414250.0,3482750.0,1.8361904761904764,4.032380952380952,2.1961904761904765,86.7,12,2002,2002-12-01,2.4,3.611111111111111,1.872222222222222,1.3944444444444444,84.2,130616.0,-151.0,5.866666666666667,392200.0,4750.0,3482400.0,-72250.0,0.04727837919567617,0.05799886230288543,2.533333333333333,-0.10000000000000009,3.6074074074074076,0.00555555555555598,1.8722222222222225,0.0,1.3925925925925924,-0.011111111111111294,12.934224935288809,13.040123456790123,1.791759469228055,-0.0011560605132602264,131089.0971267072,0.00019724025300149606,0,0,1
21,2003-01-31,130573.0,5.8,395000.0,3414500.0,1.7433333333333334,4.048571428571428,2.305238095238095,82.4,1,2003,2003-01-01,2.6,3.605555555555555,1.8944444444444444,1.422222222222222,86.7,130465.0,108.0,5.900000000000001,414250.0,-12500.0,3482750.0,-141250.0,0.0899283545868497,0.009304469788112267,2.533333333333333,0.0,3.603703703703703,-0.011111111111111516,1.8777777777777775,0.016666666666666385,1.401851851851852,0.02777777777777768,12.886641043883259,13.000030864197528,1.7578579175523736,0.0008278082244279616,130944.74201943756,-0.001101198424840133,0,1,0
22,2003-02-28,130441.0,5.9,411000.0,3437000.0,1.6278947368421053,3.9026315789473687,2.274736842105263,79.9,2,2003,2003-02-01,2.4,3.6,1.9055555555555557,1.3888888888888888,82.4,130573.0,-132.0,5.8999999999999995,395000.0,18800.0,3414500.0,-45400.0,0.10435167589307184,0.0799952822920973,2.466666666666667,-0.20000000000000018,3.6055555555555556,0.00555555555555598,1.8907407407407408,0.03888888888888897,1.401851851851852,0.0,12.926348493478372,12.96,1.7749523509116738,-0.001010928752498641,131181.10495883255,0.0018050586510751643,1,0,2
23,2003-03-31,130235.0,5.9,427400.0,3540800.0,1.5738095238095238,3.8071428571428574,2.2333333333333334,77.6,3,2003,2003-03-01,2.3,3.6333333333333333,1.8944444444444444,1.422222222222222,79.9,130441.0,-206.0,5.866666666666667,411000.0,13150.0,3437000.0,58050.0,0.08659253415097401,0.12158967253442458,2.433333333333333,-0.10000000000000009,3.6129629629629627,0.022222222222222143,1.8981481481481481,0.022222222222222365,1.4111111111111108,0.02777777777777768,12.965475621867185,13.20111111111111,1.7749523509116738,-0.0015792580553660729,131095.1543117544,-0.0006552060001715487,0,0,1
24,2003-04-30,130173.0,6.0,436250.0,3629750.0,1.6223809523809525,3.958571428571428,2.336190476190476,86.0,4,2003,2003-04-01,2.3,3.6,1.8944444444444444,1.4055555555555557,77.6,130235.0,-62.0,5.933333333333334,427400.0,41250.0,3540800.0,215250.0,0.029762380508930285,0.07657020200737161,2.333333333333333,-0.30000000000000027,3.611111111111111,-0.005555555555555092,1.8981481481481481,0.0,1.4055555555555557,-0.016666666666666385,12.985970752498774,12.96,1.791759469228055,-0.0004760625023995102,130712.94267386339,-0.002915528341971174,0,1,0
25,2003-05-31,130197.0,6.1,424000.0,3719200.0,1.4152380952380952,3.5690476190476192,2.1538095238095236,92.1,5,2003,2003-05-01,2.5,3.6166666666666667,1.877777777777778,1.4000000000000001,86.0,130173.0,24.0,6.0,436250.0,13000.0,3629750.0,282200.0,0.1083299319194048,0.19636223025930236,2.3666666666666667,0.10000000000000009,3.616666666666667,0.016666666666666607,1.8888888888888886,-0.02777777777777768,1.4092592592592592,0.011111111111111294,12.957488734214095,13.080277777777779,1.8082887711792655,0.0001843700306514151,130630.50999813317,-0.0006306389715048377,0,0,1
26,2003-06-30,130186.0,6.3,421750.0,3701500.0,1.227142857142857,3.334285714285714,2.107142857142857,89.7,6,2003,2003-06-01,2.5,3.594444444444444,1.8888888888888888,1.4166666666666667,92.1,130197.0,-11.0,6.133333333333333,424000.0,-5650.0,3719200.0,160700.0,0.19769552928129494,0.3153238026681403,2.433333333333333,0.20000000000000018,3.603703703703703,-0.038888888888889195,1.887037037037037,-0.005555555555555536,1.4074074074074074,-0.005555555555555314,12.952168000408214,12.920030864197528,1.840549633397487,-8.448735377930561e-05,130691.68400998347,0.00046829804041315093,0,0,1
27,2003-07-31,130184.0,6.2,411500.0,3616250.0,1.4740909090909091,3.975454545454546,2.5013636363636365,90.9,7,2003,2003-07-01,2.2,3.6,1.872222222222222,1.4111111111111112,89.7,130186.0,-2.0,6.2,421750.0,-24750.0,3701500.0,-13500.0,0.1289876044777537,0.32439102223020516,2.4,-0.09999999999999964,3.603703703703704,0.0,1.8796296296296295,-0.022222222222222365,1.4092592592592592,0.005555555555555536,12.927564299099261,12.96,1.824549292051046,-1.53626349991276e-05,130941.13098782797,0.001908667561628885,1,0,2
28,2003-08-31,130153.0,6.1,400200.0,3596400.0,1.8642857142857143,4.4452380952380945,2.580952380952381,89.3,8,2003,2003-08-01,2.4,3.605555555555555,1.8833333333333333,1.4055555555555557,90.9,130184.0,-31.0,6.2,411500.0,-23800.0,3616250.0,-122800.0,0.321244026343975,0.557675121442192,2.3666666666666667,-0.10000000000000009,3.5999999999999996,-0.011111111111111516,1.8814814814814813,0.005555555555555314,1.4111111111111112,0.005555555555555536,12.89971970113177,13.000030864197528,1.8082887711792655,-0.00023812450070670454,130605.76132411146,-0.0025612247365397467,0,1,0
29,2003-09-30,130252.0,6.1,395500.0,3575750.0,1.706190476190476,4.274285714285715,2.568095238095238,87.7,9,2003,2003-09-01,2.3,3.605555555555555,1.872222222222222,1.4055555555555557,89.3,130153.0,99.0,6.133333333333333,400200.0,-26250.0,3596400.0,-125750.0,0.19626355552216992,0.23777488221197368,2.3000000000000003,-0.20000000000000018,3.603703703703703,0.011111111111111072,1.8759259259259258,-0.01666666666666683,1.4074074074074074,-0.011111111111111072,12.887906066189846,13.000030864197528,1.8082887711792655,0.0007606432429525523,130837.65256168421,0.0017755054235111256,1,0,2
30,2003-10-31,130439.0,6.0,382000.0,3486250.0,1.7477272727272728,4.290454545454545,2.5427272727272725,89.6,10,2003,2003-10-01,2.5,3.6166666666666667,1.877777777777778,1.3944444444444444,87.7,130252.0,187.0,6.066666666666666,395500.0,-29500.0,3575750.0,-130000.0,0.08196064103527087,0.09437875373394677,2.4,0.2999999999999998,3.609259259259259,0.016666666666666607,1.877777777777778,0.00555555555555598,1.401851851851852,-0.01666666666666683,12.853175887588712,13.080277777777779,1.791759469228055,0.001435678530847806,130825.88741268503,-8.99217371210792e-05,0,0,1
31,2003-11-30,130480.0,5.8,363000.0,3373400.0,1.9266666666666667,4.300000000000001,2.373333333333333,93.7,11,2003,2003-11-01,2.5,3.594444444444444,1.8666666666666667,1.3888888888888888,89.6,130439.0,41.0,5.966666666666666,382000.0,-37200.0,3486250.0,-223000.0,0.11715684838201823,0.012998533850836354,2.433333333333333,0.10000000000000009,3.6055555555555556,-0.011111111111111072,1.872222222222222,-0.016666666666666607,1.3962962962962961,-0.01666666666666683,12.802158113246987,12.920030864197528,1.7578579175523736,0.00031432317021740097,131272.34328313908,0.003412595773539362,1,0,2
32,2003-12-31,130589.0,5.7,358250.0,3270250.0,1.9072727272727272,4.267727272727273,2.3604545454545454,92.6,12,2003,2003-12-01,2.5,3.611111111111111,1.872222222222222,1.3944444444444444,93.7,130480.0,109.0,5.833333333333333,363000.0,-37250.0,3373400.0,-305500.0,0.0981921446745621,0.01657897038271479,2.5,0.20000000000000018,3.6074074074074076,0.00555555555555598,1.8722222222222225,0.0,1.3925925925925924,-0.011111111111111294,12.788986345690418,13.040123456790123,1.7404661748405046,0.0008353770692826057,131422.71977304007,0.0011455306284633426,1,0,2
33,2004-01-31,130756.0,5.7,360200.0,3148200.0,1.761,4.1505,2.3895,103.8,1,2004,2004-01-01,2.6,3.605555555555555,1.8944444444444444,1.422222222222222,92.6,130589.0,167.0,5.733333333333333,358250.0,-21800.0,3270250.0,-338050.0,0.09056975219269182,0.07867021079235292,2.5333333333333337,0.10000000000000009,3.603703703703703,-0.011111111111111516,1.8777777777777775,0.016666666666666385,1.401851851851852,0.02777777777777768,12.794414711723993,13.000030864197528,1.7404661748405046,0.001278821340235492,131414.7357492417,-6.075071199385107e-05,0,0,1
34,2004-02-29,130821.0,5.6,360750.0,3114750.0,1.7400000000000002,4.084210526315789,2.3442105263157895,94.4,2,2004,2004-02-01,2.6,3.6,1.9055555555555557,1.3888888888888888,103.8,130756.0,65.0,5.666666666666667,360200.0,-2250.0,3148200.0,-258650.0,0.09111977102790836,0.09292911636102345,2.5666666666666664,0.10000000000000009,3.6055555555555556,0.00555555555555598,1.8907407407407408,0.03888888888888897,1.401851851851852,0.0,12.795940476636117,12.96,1.7227665977411035,0.000497109119275585,131633.4939964836,0.0016646401637889774,1,0,2
35,2004-03-31,131140.0,5.8,342000.0,3046250.0,1.5778260869565217,3.826521739130435,2.248695652173913,95.8,3,2004,2004-03-01,2.6,3.6333333333333333,1.8944444444444444,1.422222222222222,94.4,130821.0,319.0,5.7,360750.0,-16250.0,3114750.0,-224000.0,0.10024475089458842,0.1711528161607022,2.6,0.10000000000000009,3.6129629629629627,0.022222222222222143,1.8981481481481481,0.022222222222222365,1.4111111111111108,0.02777777777777768,12.742566016044742,13.20111111111111,1.7578579175523736,0.002438446426797025,131931.16969178387,0.0022613978119294664,1,0,2
36,2004-04-30,131412.0,5.6,348250.0,3000750.0,2.070952380952381,4.347619047619047,2.276666666666667,94.2,4,2004,2004-04-01,2.6,3.6,1.8944444444444444,1.4055555555555557,95.8,131140.0,272.0,5.666666666666667,342000.0,-11950.0,3046250.0,-147450.0,0.2513309234057716,0.2605538859974663,2.6,0.0,3.6111111111111107,-0.005555555555555092,1.8981481481481481,0.0,1.4055555555555557,-0.016666666666666385,12.760675891642052,12.96,1.7227665977411035,0.002074119261857632,131997.50965682088,0.0005028376932607603,0,0,1
37,2004-05-31,131697.0,5.6,336200.0,2975600.0,2.5335,4.7155000000000005,2.182,90.2,5,2004,2004-05-01,2.7,3.6166666666666667,1.877777777777778,1.4000000000000001,94.2,131412.0,285.0,5.666666666666667,348250.0,-24550.0,3000750.0,-139150.0,0.47791848499309214,0.4466842934962487,2.6333333333333333,0.10000000000000009,3.6166666666666667,0.016666666666666607,1.8888888888888886,-0.02777777777777768,1.4092592592592592,0.011111111111111294,12.725461499956653,13.080277777777779,1.7227665977411035,0.0021687517121724564,132079.67815273156,0.0006225003496225234,0,0,1
38,2004-06-30,131794.0,5.6,349000.0,2950750.0,2.763333333333333,4.733809523809524,1.9704761904761903,95.6,6,2004,2004-06-01,2.5,3.594444444444444,1.8888888888888888,1.4166666666666667,90.2,131697.0,97.0,5.6,336200.0,7000.0,2975600.0,-95500.0,0.3526483244011636,0.21787409119606754,2.6,-0.10000000000000009,3.603703703703704,-0.038888888888889195,1.887037037037037,-0.005555555555555536,1.4074074074074074,-0.005555555555555314,12.762827201184564,12.920030864197528,1.7227665977411035,0.0007365391770504104,132451.60313598768,0.0028159137609802265,1,0,2
39,2004-07-31,131854.0,5.5,343000.0,2917000.0,2.6385714285714283,4.498095238095239,1.8595238095238094,96.7,7,2004,2004-07-01,2.8,3.6,1.872222222222222,1.4111111111111112,95.6,131794.0,60.0,5.566666666666666,349000.0,-5250.0,2950750.0,-83750.0,0.11505715905074519,0.13112417375068164,2.6666666666666665,0.19999999999999973,3.603703703703703,0.0,1.8796296296296295,-0.022222222222222365,1.4092592592592592,0.005555555555555536,12.745485726148077,12.96,1.7047480922384253,0.0004552559297084091,132349.93897088605,-0.0007675570751473071,0,0,1
40,2004-08-31,131939.0,5.4,340750.0,2891500.0,2.5081818181818183,4.281363636363636,1.7731818181818182,95.9,8,2004,2004-08-01,2.6,3.605555555555555,1.8833333333333333,1.4055555555555557,96.7,131854.0,85.0,5.5,343000.0,4550.0,2917000.0,-84100.0,0.1275861010334375,0.22628930330649455,2.6333333333333333,-0.10000000000000009,3.5999999999999996,-0.011111111111111516,1.8814814814814813,0.005555555555555314,1.4111111111111112,0.005555555555555536,12.73890434955878,13.000030864197528,1.6863989535702288,0.0006446524185841351,132848.78654399683,0.0037691560494070853,1,0,2
41,2004-09-30,132089.0,5.4,337250.0,2862750.0,2.5252380952380955,4.1257142857142854,1.6004761904761904,94.2,9,2004,2004-09-01,2.8,3.605555555555555,1.872222222222222,1.4055555555555557,95.9,131939.0,150.0,5.433333333333334,340750.0,-11750.0,2891500.0,-88000.0,0.0708717286476308,0.18702356413156496,2.733333333333333,0.2999999999999998,3.603703703703703,0.011111111111111072,1.8759259259259258,-0.01666666666666683,1.4074074074074074,-0.011111111111111072,12.728579774070003,13.000030864197528,1.6863989535702288,0.001136889016894127,132762.19825150236,-0.0006517808310262385,0,0,1
42,2004-10-31,132429.0,5.5,334000.0,2778000.0,2.5845,4.0969999999999995,1.5125,91.7,10,2004,2004-10-01,2.9,3.6166666666666667,1.877777777777778,1.3944444444444444,94.2,132089.0,340.0,5.433333333333334,337250.0,-9000.0,2862750.0,-139000.0,0.040056948667000186,0.09919776625076475,2.766666666666666,0.10000000000000009,3.609259259259259,0.016666666666666607,1.877777777777778,0.00555555555555598,1.401851851851852,-0.01666666666666683,12.718896271958837,13.080277777777779,1.7047480922384253,0.0025740220608831965,132765.56676002662,2.5372497357123436e-05,0,0,1
43,2004-11-30,132503.0,5.4,328750.0,2734500.0,2.852,4.194,1.342,92.8,11,2004,2004-11-01,2.6,3.594444444444444,1.8666666666666667,1.3888888888888888,91.7,132429.0,74.0,5.433333333333334,334000.0,-12000.0,2778000.0,-157000.0,0.17408884980551242,0.04982711607744197,2.766666666666667,0.0,3.6055555555555556,-0.011111111111111072,1.872222222222222,-0.016666666666666607,1.3962962962962961,-0.01666666666666683,12.703052862474111,12.920030864197528,1.6863989535702288,0.0005587899931283058,133542.95491275023,0.005855344662737183,1,0,2
44,2004-12-31,132630.0,5.4,325250.0,2719000.0,3.011818181818182,4.2309090909090905,1.219090909090909,97.1,12,2004,2004-12-01,3.0,3.611111111111111,1.872222222222222,1.3944444444444444,92.8,132503.0,127.0,5.433333333333334,328750.0,-12000.0,2734500.0,-143750.0,0.21590851834054872,0.0691651714133322,2.8333333333333335,0.20000000000000018,3.6074074074074076,0.00555555555555598,1.8722222222222225,0.0,1.3925925925925924,-0.011111111111111294,12.692349396374752,13.040123456790123,1.6863989535702288,0.0009584688648558437,133090.61202516154,-0.0033872463574302625,0,1,0
45,2005-01-31,132781.0,5.3,343400.0,2723800.0,3.2225,4.221500000000001,0.999,95.5,1,2005,2005-01-01,2.8,3.605555555555555,1.8944444444444444,1.422222222222222,97.1,132630.0,151.0,5.366666666666667,325250.0,9400.0,2719000.0,-54200.0,0.18583098492629624,0.01917925086932941,2.7999999999999994,-0.10000000000000009,3.603703703703703,-0.011111111111111516,1.8777777777777775,0.016666666666666385,1.401851851851852,0.02777777777777768,12.746651227445513,13.000030864197528,1.667706820558076,0.0011385056171304697,133317.94383121922,0.0017080979837609256,1,0,2
46,2005-02-28,133034.0,5.4,311750.0,2686500.0,3.3847368421052635,4.165263157894737,0.7805263157894737,94.1,2,2005,2005-02-01,2.9,3.6,1.9055555555555557,1.3888888888888888,95.5,132781.0,253.0,5.366666666666667,343400.0,-17000.0,2723800.0,-48000.0,0.18698304229661783,0.03549765701895766,2.9,0.2999999999999998,3.6055555555555556,0.00555555555555598,1.8907407407407408,0.03888888888888897,1.401851851851852,0.0,12.649956863542283,12.96,1.6863989535702288,0.001905393090879004,133670.20604345232,0.0026422715660769924,1,0,2
47,2005-03-31,133154.0,5.2,332000.0,2659500.0,3.7268181818181816,4.497727272727273,0.770909090909091,92.6,3,2005,2005-03-01,2.9,3.6333333333333333,1.8944444444444444,1.422222222222222,94.1,133034.0,120.0,5.3,311750.0,6750.0,2686500.0,-59500.0,0.2574481386054497,0.17794965405028057,2.8666666666666667,-0.10000000000000009,3.6129629629629627,0.022222222222222143,1.8981481481481481,0.022222222222222365,1.4111111111111108,0.02777777777777768,12.712890247898626,13.20111111111111,1.6486586255873816,0.0009020250462288271,133605.38235453598,-0.0004849524126211424,0,0,1
48,2005-04-30,133520.0,5.2,323200.0,2604400.0,3.653809523809524,4.3409523809523805,0.6871428571428572,87.7,4,2005,2005-04-01,3.0,3.6,1.8944444444444444,1.4055555555555557,92.6,133154.0,366.0,5.266666666666667,332000.0,-20200.0,2659500.0,-119400.0,0.18016197118312166,0.1663217050582987,2.9333333333333336,0.20000000000000018,3.611111111111111,-0.005555555555555092,1.8981481481481481,0.0,1.4055555555555557,-0.016666666666666385,12.686026605629078,12.96,1.6486586255873816,0.002748696997461497,133746.37202544394,0.001055269394266034,1,0,2
49,2005-05-31,133689.0,5.1,327000.0,2586250.0,3.643809523809524,4.144285714285714,0.5004761904761905,86.9,5,2005,2005-05-01,2.8,3.6166666666666667,1.877777777777778,1.4000000000000001,87.7,133520.0,169.0,5.166666666666667,323200.0,15250.0,2604400.0,-100250.0,0.04531501121522995,0.17709558610271886,2.9,-0.10000000000000009,3.616666666666667,0.016666666666666607,1.8888888888888886,-0.02777777777777768,1.4092592592592592,0.011111111111111294,12.697715449879391,13.080277777777779,1.62924053973028,0.001265727980826803,134444.61906352907,0.00522068021368316,1,0,2
50,2005-06-30,133948.0,5.0,325750.0,2600000.0,3.6404545454545456,3.998181818181818,0.3577272727272727,96.0,6,2005,2005-06-01,2.9,3.594444444444444,1.8888888888888888,1.4166666666666667,86.9,133689.0,259.0,5.1000000000000005,327000.0,-6250.0,2586250.0,-59500.0,0.006947557443920707,0.17200570966130854,2.9,0.0,3.603703703703703,-0.038888888888889195,1.887037037037037,-0.005555555555555536,1.4074074074074074,-0.005555555555555314,12.693885494987091,12.920030864197528,1.6094379124341003,0.001937332166445982,134587.97930808846,0.0010663144836733363,1,0,2
51,2005-07-31,134300.0,5.0,324400.0,2595200.0,3.871,4.1775,0.3065,96.5,7,2005,2005-07-01,3.1,3.6,1.872222222222222,1.4111111111111112,96.0,133948.0,352.0,5.033333333333334,325750.0,1200.0,2600000.0,-9200.0,0.13214762891237897,0.09539789267658785,2.9333333333333336,0.10000000000000009,3.603703703703704,0.0,1.8796296296296295,-0.022222222222222365,1.4092592592592592,0.005555555555555536,12.689732601223396,12.96,1.6094379124341003,0.002627885448084344,134483.76148476603,-0.0007743471880490294,0,0,1
52,2005-08-31,134502.0,4.9,315750.0,2580750.0,4.044347826086956,4.262608695652174,0.21826086956521742,89.1,8,2005,2005-08-01,3.0,3.605555555555555,1.8833333333333333,1.4055555555555557,96.5,134300.0,202.0,4.966666666666666,324400.0,-11250.0,2595200.0,-5500.0,0.20262052280089565,0.1349815258562529,3.0,0.20000000000000018,3.5999999999999996,-0.011111111111111516,1.8814814814814813,0.005555555555555314,1.4111111111111112,0.005555555555555536,12.662706040212738,13.000030864197528,1.589235205116581,0.0015040953090097453,135056.92756223862,0.004261972383465151,1,0,2
53,2005-09-30,134552.0,5.0,382750.0,2716500.0,3.9461904761904765,4.199047619047619,0.2528571428571429,76.9,9,2005,2005-09-01,3.1,3.605555555555555,1.872222222222222,1.4055555555555557,89.1,134502.0,50.0,4.966666666666666,315750.0,57000.0,2580750.0,116500.0,0.08692711684462844,0.044248917917743595,3.0666666666666664,0.20000000000000018,3.603703703703703,0.011111111111111072,1.8759259259259258,-0.01666666666666683,1.4074074074074074,-0.011111111111111072,12.855137313519931,13.000030864197528,1.6094379124341003,0.0003717416841384491,134328.06099201448,-0.005396735905222272,0,1,0
54,2005-10-31,134641.0,5.0,352200.0,2803400.0,4.271,4.4635,0.1925,74.2,10,2005,2005-10-01,3.0,3.6166666666666667,1.877777777777778,1.3944444444444444,76.9,134552.0,89.0,4.966666666666666,382750.0,27800.0,2716500.0,208200.0,0.16658696429371384,0.13804129117349298,3.033333333333333,-0.10000000000000009,3.609259259259259,0.016666666666666607,1.877777777777778,0.00555555555555598,1.401851851851852,-0.01666666666666683,12.771954475044243,13.080277777777779,1.6094379124341003,0.0006614543076282065,134716.73923766823,0.002893500008734895,1,0,2
55,2005-11-30,134997.0,5.0,317250.0,2701250.0,4.4165,4.535,0.11850000000000001,81.6,11,2005,2005-11-01,3.1,3.594444444444444,1.8666666666666667,1.3888888888888888,74.2,134641.0,356.0,5.0,352200.0,1500.0,2803400.0,120500.0,0.24078431736836664,0.17697048438414215,3.0666666666666664,0.10000000000000009,3.6055555555555556,-0.011111111111111072,1.872222222222222,-0.016666666666666607,1.3962962962962961,-0.01666666666666683,12.667445385576634,12.920030864197528,1.6094379124341003,0.002644068300146296,135031.63251358888,0.002337447281626437,1,0,2
56,2005-12-31,135159.0,4.9,316400.0,2639400.0,4.404285714285714,4.467142857142857,0.06285714285714286,91.5,12,2005,2005-12-01,3.1,3.611111111111111,1.872222222222222,1.3944444444444444,81.6,134997.0,162.0,4.966666666666668,317250.0,-66350.0,2701250.0,-77100.0,0.08070989242151319,0.04027015488111008,3.066666666666667,0.0,3.6074074074074076,0.00555555555555598,1.8722222222222225,0.0,1.3925925925925924,-0.011111111111111294,12.664762514875635,13.040123456790123,1.589235205116581,0.0012000266672593796,135447.54936563366,0.0030801438470569042,1,0,2
57,2006-01-31,135427.0,4.7,295750.0,2557000.0,4.3955,4.416,0.020499999999999997,91.2,1,2006,2006-01-01,3.1,3.605555555555555,1.8944444444444444,1.422222222222222,91.5,135159.0,268.0,4.866666666666667,316400.0,-56450.0,2639400.0,-246400.0,0.010546544070691402,0.059695314826573184,3.1,0.10000000000000009,3.603703703703703,-0.011111111111111516,1.8777777777777775,0.016666666666666385,1.401851851851852,0.02777777777777768,12.597269781840634,13.000030864197528,1.547562508716013,0.0019828498287202123,135985.92195404117,0.0039747680259183404,1,0,2
58,2006-02-28,135733.0,4.8,290750.0,2507250.0,4.6684210526315795,4.568947368421052,-0.09947368421052633,86.7,2,2006,2006-02-01,3.1,3.6,1.9055555555555557,1.3888888888888888,91.2,135427.0,306.0,4.800000000000001,295750.0,-26500.0,2557000.0,-194000.0,0.15509704849336187,0.07785954004942179,3.1,0.0,3.6055555555555556,0.00555555555555598,1.8907407407407408,0.03888888888888897,1.401851851851852,0.0,12.580219070380911,12.96,1.5686159179138452,0.002259519888943906,136169.1859327929,0.0013476687595179726,1,0,2
59,2006-03-31,136038.0,4.7,301750.0,2455500.0,4.73391304347826,4.7239130434782615,-0.009999999999999998,88.9,3,2006,2006-03-01,3.4,3.6333333333333333,1.8944444444444444,1.422222222222222,86.7,135733.0,305.0,4.733333333333333,290750.0,-14650.0,2507250.0,-183900.0,0.17948931715230185,0.1539576242005699,3.2000000000000006,0.2999999999999998,3.6129629629629627,0.022222222222222143,1.8981481481481481,0.022222222222222365,1.4111111111111108,0.02777777777777768,12.617354138959778,13.20111111111111,1.547562508716013,0.002247058563503268,135879.46078578735,-0.002127685092782605,0,1,0
60,2006-04-30,136210.0,4.7,303600.0,2401000.0,4.888947368421053,4.990526315789474,0.10157894736842105,87.4,4,2006,2006-04-01,3.4,3.6,1.8944444444444444,1.4055555555555557,88.9,136038.0,172.0,4.733333333333333,301750.0,7850.0,2455500.0,-156000.0,0.1132524456919086,0.21323922648936566,3.3000000000000003,0.2999999999999998,3.6111111111111107,-0.005555555555555092,1.8981481481481481,0.0,1.4055555555555557,-0.016666666666666385,12.623466324503612,12.96,1.547562508716013,0.0012643526073596867,136004.12997081887,0.0009174983791557789,0,0,1
61,2006-05-31,136249.0,4.6,332750.0,2383750.0,4.968181818181818,5.11,0.14181818181818182,79.1,5,2006,2006-05-01,3.2,3.6166666666666667,1.877777777777778,1.4000000000000001,87.4,136210.0,39.0,4.666666666666667,303600.0,42000.0,2401000.0,-123500.0,0.11916067495923845,0.19766121529338937,3.3333333333333335,0.10000000000000009,3.6166666666666667,0.016666666666666607,1.8888888888888886,-0.02777777777777768,1.4092592592592592,0.011111111111111294,12.715146736257358,13.080277777777779,1.5260563034950492,0.00028632259011818206,136079.07066157245,0.0005510177578404996,0,0,1
62,2006-06-30,136337.0,4.6,305500.0,2408500.0,5.121818181818182,5.106363636363636,-0.015454545454545453,84.9,6,2006,2006-06-01,3.3,3.594444444444444,1.8888888888888888,1.4166666666666667,79.1,136249.0,88.0,4.633333333333333,332750.0,3750.0,2383750.0,-47000.0,0.11839977899227498,0.06795276447301345,3.3000000000000003,-0.10000000000000009,3.603703703703704,-0.038888888888889195,1.887037037037037,-0.005555555555555536,1.4074074074074074,-0.005555555555555314,12.629705057593787,12.920030864197528,1.5260563034950492,0.0006458763000094514,136308.52260274475,0.001686166285945312,1,0,2
63,2006-07-31,136529.0,4.7,318800.0,2449400.0,5.1185,5.0875,-0.031,84.7,7,2006,2006-07-01,3.1,3.6,1.872222222222222,1.4111111111111112,84.9,136337.0,192.0,4.633333333333334,305500.0,15200.0,2408500.0,48400.0,0.08775980320082631,0.012078285732199358,3.1999999999999997,-0.2999999999999998,3.603703703703703,0.0,1.8796296296296295,-0.022222222222222365,1.4092592592592592,0.005555555555555536,12.672319225898198,12.96,1.547562508716013,0.0014082750830661794,136448.7944695495,0.0010290762758360383,1,0,2
64,2006-08-31,136692.0,4.7,314250.0,2466250.0,4.903478260869565,4.8765217391304345,-0.026956521739130435,82.0,8,2006,2006-08-01,3.3,3.605555555555555,1.8833333333333333,1.4055555555555557,84.7,136529.0,163.0,4.666666666666667,318800.0,-18500.0,2449400.0,82500.0,0.12511173653251134,0.12760287422322994,3.233333333333333,0.09999999999999964,3.5999999999999996,-0.011111111111111516,1.8814814814814813,0.005555555555555314,1.4111111111111112,0.005555555555555536,12.657944126452493,13.000030864197528,1.547562508716013,0.001193885548125273,136500.0305939045,0.00037549708338713295,0,0,1
65,2006-09-30,136826.0,4.5,316200.0,2446200.0,4.769,4.718999999999999,-0.05,85.4,9,2006,2006-09-01,3.3,3.605555555555555,1.872222222222222,1.4055555555555557,82.0,136692.0,134.0,4.633333333333333,314250.0,10700.0,2466250.0,37700.0,0.17629000772645567,0.18489509406608137,3.233333333333333,0.0,3.603703703703703,0.011111111111111072,1.8759259259259258,-0.01666666666666683,1.4074074074074074,-0.011111111111111072,12.664130203757509,13.000030864197528,1.5040773967762742,0.000980306089602978,136805.55010062514,0.002238237642814722,1,0,2
66,2006-10-31,136843.0,4.4,315500.0,2446250.0,4.795714285714285,4.729047619047619,-0.06666666666666668,93.6,10,2006,2006-10-01,3.2,3.6166666666666667,1.877777777777778,1.3944444444444444,85.4,136826.0,17.0,4.533333333333334,316200.0,-3300.0,2446200.0,-3150.0,0.07119355079521138,0.08818793288710573,3.266666666666667,0.10000000000000009,3.609259259259259,0.016666666666666607,1.877777777777778,0.00555555555555598,1.401851851851852,-0.01666666666666683,12.661913960963405,13.080277777777779,1.4816045409242156,0.00012424539195765583,137126.6153202675,0.002346872765075725,1,0,2
67,2006-11-30,137060.0,4.5,326250.0,2476000.0,4.7404761904761905,4.595238095238095,-0.14523809523809525,92.1,11,2006,2006-11-01,3.3,3.594444444444444,1.8666666666666667,1.3888888888888888,93.6,136843.0,217.0,4.466666666666668,315500.0,12000.0,2446250.0,9750.0,0.027623986969350263,0.07452399208861991,3.266666666666667,0.0,3.6055555555555556,-0.011111111111111072,1.872222222222222,-0.016666666666666607,1.3962962962962961,-0.01666666666666683,12.69541923761904,12.920030864197528,1.5040773967762742,0.0015857588623457985,136873.19735401997,-0.0018480582026739745,0,1,0
68,2006-12-31,137249.0,4.4,324000.0,2481200.0,4.6735,4.5645,-0.10900000000000001,91.7,12,2006,2006-12-01,3.3,3.611111111111111,1.872222222222222,1.3944444444444444,92.1,137060.0,189.0,4.433333333333334,326250.0,7800.0,2476000.0,35000.0,0.061201019720370745,0.08748879746881066,3.266666666666667,0.0,3.6074074074074076,0.00555555555555598,1.8722222222222225,0.0,1.3925925925925924,-0.011111111111111294,12.688498794774466,13.040123456790123,1.4816045409242156,0.0013789581205312373,137169.82164049815,0.002167146616082638,1,0,2
69,2007-01-31,137472.0,4.6,317250.0,2524250.0,4.876190476190477,4.7595238095238095,-0.11666666666666667,96.9,1,2007,2007-01-01,3.3,3.605555555555555,1.8944444444444444,1.422222222222222,91.7,137249.0,223.0,4.5,324000.0,1750.0,2481200.0,78000.0,0.10326955551367606,0.10485618142516796,3.3,0.09999999999999964,3.603703703703703,-0.011111111111111516,1.8777777777777775,0.016666666666666385,1.401851851851852,0.02777777777777768,12.667445385576634,13.000030864197528,1.5260563034950492,0.0016247841514327455,137218.37370874925,0.000353955904224712,0,0,1
70,2007-02-28,137560.0,4.5,322750.0,2569250.0,4.848947368421053,4.722631578947369,-0.12631578947368421,91.3,2,2007,2007-02-01,3.3,3.6,1.9055555555555557,1.3888888888888888,96.9,137472.0,88.0,4.5,317250.0,-3500.0,2524250.0,93250.0,0.11000560224000634,0.1036025411677308,3.3,0.0,3.6055555555555556,0.00555555555555598,1.8907407407407408,0.03888888888888897,1.401851851851852,0.0,12.68463330870889,12.96,1.5040773967762742,0.0006401303538174918,137424.19822750986,0.0014999778323963042,1,0,2
71,2007-03-31,137784.0,4.4,309400.0,2519000.0,4.573636363636364,4.5645454545454545,-0.009090909090909092,88.4,3,2007,2007-03-01,3.5,3.6333333333333333,1.8944444444444444,1.422222222222222,91.3,137560.0,224.0,4.5,322750.0,-14600.0,2569250.0,37800.0,0.1673705107936116,0.10357671739294182,3.3666666666666667,0.20000000000000018,3.6129629629629627,0.022222222222222143,1.8981481481481481,0.022222222222222365,1.4111111111111108,0.02777777777777768,12.642390217121102,13.20111111111111,1.4816045409242156,0.0016283803431229593,137529.37699821778,0.0007653584453430895,0,0,1
72,2007-04-30,137847.0,4.5,320250.0,2496000.0,4.666190476190476,4.6938095238095245,0.027619047619047623,87.1,4,2007,2007-04-01,3.3,3.6,1.8944444444444444,1.4055555555555557,88.4,137784.0,63.0,4.466666666666666,309400.0,3000.0,2519000.0,-28250.0,0.14009668968490094,0.08419336196467385,3.3666666666666667,0.0,3.611111111111111,-0.005555555555555092,1.8981481481481481,0.0,1.4055555555555557,-0.016666666666666385,12.67685721975898,12.96,1.5040773967762742,0.0004572374150844105,137747.96067400867,0.0015893598921321583,1,0,2
73,2007-05-31,137992.0,4.4,304250.0,2447750.0,4.766363636363637,4.746363636363636,-0.02,88.3,5,2007,2007-05-01,3.3,3.6166666666666667,1.877777777777778,1.4000000000000001,87.1,137847.0,145.0,4.433333333333334,320250.0,-18500.0,2496000.0,-121500.0,0.09638873328233816,0.09356725352094884,3.3666666666666667,0.0,3.616666666666667,0.016666666666666607,1.8888888888888886,-0.02777777777777768,1.4092592592592592,0.011111111111111294,12.625605010849773,13.080277777777779,1.4816045409242156,0.0010518908645091862,138041.48469520462,0.0021308774355695004,1,0,2
74,2007-06-30,138070.0,4.6,315200.0,2482000.0,4.980476190476191,5.102857142857142,0.12238095238095237,85.3,6,2007,2007-06-01,3.4,3.594444444444444,1.8888888888888888,1.4166666666666667,88.3,137992.0,78.0,4.5,304250.0,5800.0,2447750.0,-37000.0,0.16054820566408692,0.2225494362933455,3.3333333333333335,-0.10000000000000009,3.603703703703703,-0.038888888888889195,1.887037037037037,-0.005555555555555536,1.4074074074074074,-0.005555555555555314,12.660962636965861,12.920030864197528,1.5260563034950492,0.0005652501594295423,137618.34277373354,-0.0030653243291708376,0,1,0
75,2007-07-31,138044.0,4.7,313250.0,2542250.0,4.819047619047619,5.0042857142857144,0.18523809523809526,90.4,7,2007,2007-07-01,3.2,3.6,1.872222222222222,1.4111111111111112,85.3,138070.0,-26.0,4.566666666666667,315200.0,-7000.0,2482000.0,46250.0,0.11156386178141889,0.18408682054142295,3.3000000000000003,-0.09999999999999964,3.603703703703704,0.0,1.8796296296296295,-0.022222222222222365,1.4092592592592592,0.005555555555555536,12.654756872758314,12.96,1.547562508716013,-0.0001883102773955203,137975.8815426609,0.002598045883427158,1,0,2
76,2007-08-31,138013.0,4.6,320000.0,2553000.0,4.3130434782608695,4.674782608695652,0.3617391304347826,83.4,8,2007,2007-08-01,3.2,3.605555555555555,1.8833333333333333,1.4055555555555557,90.4,138044.0,-31.0,4.633333333333334,313250.0,15750.0,2542250.0,105250.0,0.3482254536699603,0.2241786601209304,3.266666666666667,-0.09999999999999964,3.5999999999999996,-0.011111111111111516,1.8814814814814813,0.005555555555555314,1.4111111111111112,0.005555555555555536,12.676076274775909,13.000030864197528,1.5260563034950492,-0.0002245660803801286,138074.21362527396,0.0007126758786655252,0,0,1
77,2007-09-30,138099.0,4.7,313400.0,2537200.0,4.011578947368421,4.521578947368421,0.51,83.4,9,2007,2007-09-01,3.3,3.605555555555555,1.872222222222222,1.4055555555555557,83.4,138013.0,86.0,4.666666666666667,320000.0,-1800.0,2553000.0,55200.0,0.40802914716617084,0.24666086071950027,3.233333333333333,-0.10000000000000009,3.603703703703703,0.011111111111111072,1.8759259259259258,-0.01666666666666683,1.4074074074074074,-0.011111111111111072,12.655235608904057,13.000030864197528,1.547562508716013,0.0006231297051726425,138004.4686241866,-0.000505126911507614,0,0,1
78,2007-10-31,138175.0,4.7,328250.0,2561750.0,3.967727272727273,4.527727272727272,0.56,80.9,10,2007,2007-10-01,3.2,3.6166666666666667,1.877777777777778,1.3944444444444444,83.4,138099.0,76.0,4.666666666666667,313400.0,15000.0,2537200.0,19500.0,0.18799251516978768,0.08673180461009995,3.233333333333334,0.0,3.609259259259259,0.016666666666666607,1.877777777777778,0.00555555555555598,1.401851851851852,-0.01666666666666683,12.701530792165043,13.080277777777779,1.547562508716013,0.0005503298358424669,138037.03558476438,0.00023598482645148522,0,0,1
79,2007-11-30,138290.0,4.7,336000.0,2616750.0,3.3365,4.1485,0.8119999999999999,76.1,11,2007,2007-11-01,3.3,3.594444444444444,1.8666666666666667,1.3888888888888888,80.9,138175.0,115.0,4.7,328250.0,16000.0,2561750.0,63750.0,0.3777350094937878,0.21719385628756818,3.266666666666666,0.09999999999999964,3.6055555555555556,-0.011111111111111072,1.872222222222222,-0.016666666666666607,1.3962962962962961,-0.01666666666666683,12.724866438945341,12.920030864197528,1.547562508716013,0.0008322779084495302,138044.8231758961,5.6416679036441764e-05,0,0,1
80,2007-12-31,138395.0,5.0,348200.0,2712000.0,3.117,4.0975,0.9804999999999999,75.5,12,2007,2007-12-01,3.2,3.611111111111111,1.872222222222222,1.3944444444444444,76.1,138290.0,105.0,4.800000000000001,336000.0,34800.0,2616750.0,174800.0,0.4416569204704672,0.23505667067698122,3.233333333333334,-0.09999999999999964,3.6074074074074076,0.00555555555555598,1.8722222222222225,0.0,1.3925925925925924,-0.011111111111111294,12.760532306316225,13.040123456790123,1.6094379124341003,0.0007592739894424216,138011.97848049298,-0.00023792775887920836,0,0,1
81,2008-01-31,138391.0,5.0,338750.0,2798750.0,2.475714285714286,3.744285714285714,1.2685714285714287,78.4,1,2008,2008-01-01,3.2,3.605555555555555,1.8944444444444444,1.422222222222222,75.5,138395.0,-4.0,4.8999999999999995,348200.0,10500.0,2712000.0,237000.0,0.4472843359775691,0.22013273284093823,3.233333333333333,0.0,3.603703703703703,-0.011111111111111516,1.8777777777777775,0.016666666666666385,1.401851851851852,0.02777777777777768,12.733017651176048,13.000030864197528,1.6094379124341003,-2.8902778279604746e-05,138371.83682776234,0.002607442855550479,1,0,2
82,2008-02-29,138329.0,4.9,346750.0,2844250.0,1.973,3.7375,1.7645,70.8,2,2008,2008-02-01,3.0,3.6,1.9055555555555557,1.3888888888888888,78.4,138391.0,-62.0,4.966666666666668,338750.0,10750.0,2798750.0,227500.0,0.5733970440000897,0.20591518381401988,3.1333333333333333,-0.2999999999999998,3.6055555555555556,0.00555555555555598,1.8907407407407408,0.03888888888888897,1.401851851851852,0.0,12.756359338177077,12.96,1.589235205116581,-0.00044800601195160716,138604.84072329078,0.0016838968165064916,1,0,2
83,2008-03-31,138259.0,5.1,363400.0,2912800.0,1.6170000000000002,3.5100000000000002,1.893,69.5,3,2008,2008-03-01,3.0,3.6333333333333333,1.8944444444444444,1.422222222222222,70.8,138329.0,-70.0,5.0,346750.0,15200.0,2844250.0,200800.0,0.4314409727010025,0.13334922311776823,3.0666666666666664,-0.20000000000000018,3.6129629629629627,0.022222222222222143,1.8981481481481481,0.022222222222222365,1.4111111111111108,0.02777777777777768,12.803259434944207,13.20111111111111,1.62924053973028,-0.0005060399482393896,138371.11113044067,-0.0016863018032445831,0,1,0
84,2008-04-30,138040.0,5.0,359500.0,2964000.0,2.0472727272727274,3.675,1.627727272727273,62.6,4,2008,2008-04-01,2.8,3.6,1.8944444444444444,1.4055555555555557,69.5,138259.0,-219.0,5.0,363400.0,20750.0,2912800.0,165250.0,0.22999531076790378,0.11753545564349097,2.9333333333333336,-0.40000000000000036,3.6111111111111107,-0.005555555555555092,1.8981481481481481,0.0,1.4055555555555557,-0.016666666666666385,12.79246945614324,12.96,1.6094379124341003,-0.0015839836827982179,138594.80955360303,0.0016166555383911874,1,0,2
85,2008-05-31,137851.0,5.4,366800.0,3013600.0,2.4457142857142857,3.8800000000000003,1.4342857142857142,59.8,5,2008,2008-05-01,3.0,3.6166666666666667,1.877777777777778,1.4000000000000001,62.6,138040.0,-189.0,5.166666666666667,359500.0,20050.0,2964000.0,169350.0,0.41445901741006286,0.18536001007046662,2.9333333333333336,0.0,3.6166666666666667,0.016666666666666607,1.8888888888888886,-0.02777777777777768,1.4092592592592592,0.011111111111111294,12.812572019364447,13.080277777777779,1.6863989535702288,-0.001369168356997963,137758.1286688754,-0.006036884695916678,0,1,0
86,2008-06-30,137700.0,5.6,383250.0,3057750.0,2.7738095238095237,4.099523809523809,1.3257142857142856,56.4,6,2008,2008-06-01,2.7,3.594444444444444,1.8888888888888888,1.4166666666666667,59.8,137851.0,-151.0,5.333333333333333,366800.0,19850.0,3013600.0,144950.0,0.36383555751560476,0.21230330810752937,2.8333333333333335,-0.2999999999999998,3.603703703703704,-0.038888888888889195,1.887037037037037,-0.005555555555555536,1.4074074074074074,-0.005555555555555314,12.856442796734061,12.920030864197528,1.7227665977411035,-0.0010953855974928928,137630.84944412403,-0.0009239325909928819,0,0,1
87,2008-07-31,137497.0,5.8,398000.0,3176250.0,2.5731818181818182,4.007727272727273,1.4345454545454546,61.2,7,2008,2008-07-01,2.7,3.6,1.872222222222222,1.4111111111111112,56.4,137700.0,-203.0,5.6000000000000005,383250.0,38500.0,3057750.0,212250.0,0.16540149805833565,0.11025089819285323,2.8000000000000003,-0.09999999999999964,3.603703703703703,0.0,1.8796296296296295,-0.022222222222222365,1.4092592592592592,0.005555555555555536,12.894207284266574,12.96,1.7578579175523736,-0.0014742193173565843,137299.63901749573,-0.0024065129872119506,0,1,0
88,2008-08-31,137211.0,6.1,433000.0,3378000.0,2.4204761904761902,3.8857142857142852,1.4652380952380952,63.0,8,2008,2008-08-01,2.6,3.605555555555555,1.8833333333333333,1.4055555555555557,61.2,137497.0,-286.0,5.833333333333333,398000.0,66200.0,3176250.0,364400.0,0.17720747230432654,0.10726003110764665,2.6666666666666665,-0.3999999999999999,3.5999999999999996,-0.011111111111111516,1.8814814814814813,0.005555555555555314,1.4111111111111112,0.005555555555555536,12.978493006984626,13.000030864197528,1.8082887711792655,-0.002080045382808371,136851.0338718682,-0.003267343955437374,0,1,0
89,2008-09-30,136760.0,6.1,464000.0,3521750.0,2.0761904761904764,3.6861904761904762,1.61,70.3,9,2008,2008-09-01,2.3,3.605555555555555,1.872222222222222,1.4055555555555557,63.0,137211.0,-451.0,6.0,433000.0,80750.0,3378000.0,464000.0,0.25457548186757173,0.16231801660825163,2.5333333333333337,-0.40000000000000036,3.603703703703703,0.011111111111111072,1.8759259259259258,-0.01666666666666683,1.4074074074074074,-0.011111111111111072,13.047639831208393,13.000030864197528,1.8082887711792655,-0.0032869084840136953,136824.27870334423,-0.00019550578294502685,0,0,1
90,2008-10-31,136291.0,6.5,475250.0,3731000.0,1.6122727272727273,3.814090909090909,2.2018181818181817,57.6,10,2008,2008-10-01,2.4,3.6166666666666667,1.877777777777778,1.3944444444444444,70.3,136760.0,-469.0,6.233333333333333,464000.0,77250.0,3521750.0,554750.0,0.40557472980868126,0.10107602698125541,2.4333333333333336,-0.30000000000000027,3.609259259259259,0.016666666666666607,1.877777777777778,0.00555555555555598,1.401851851851852,-0.01666666666666683,13.071596260350676,13.080277777777779,1.8718021769015913,-0.0034293653114946254,135969.20191809282,-0.006249452168539116,0,1,0
91,2008-11-30,135541.0,6.8,519800.0,4096600.0,1.2127777777777777,3.526666666666667,2.3138888888888887,55.3,11,2008,2008-11-01,2.3,3.594444444444444,1.8666666666666667,1.3888888888888888,57.6,136291.0,-750.0,6.466666666666666,475250.0,86800.0,3731000.0,718600.0,0.4321067345408422,0.1440017717912986,2.3333333333333335,-0.30000000000000027,3.6055555555555556,-0.011111111111111072,1.872222222222222,-0.016666666666666607,1.3962962962962961,-0.01666666666666683,13.161199401189528,12.920030864197528,1.916922612182061,-0.005502931228034136,135344.34704578275,-0.004595561814700333,0,1,0
92,2008-12-31,134847.0,7.3,564000.0,4522250.0,0.8209090909090908,2.4163636363636365,1.5954545454545455,60.1,12,2008,2008-12-01,2.3,3.611111111111111,1.872222222222222,1.3944444444444444,55.3,135541.0,-694.0,6.866666666666667,519800.0,100000.0,4096600.0,1000500.0,0.3956879425715365,0.7381313165870045,2.3333333333333335,0.0,3.6074074074074076,0.00555555555555598,1.8722222222222225,0.0,1.3925925925925924,-0.011111111111111294,13.242809530480196,13.040123456790123,1.9878743481543455,-0.005120221925469015,134671.91696111154,-0.004968290876927073,0,1,0
93,2009-01-31,134079.0,7.8,572000.0,4861200.0,0.807,2.5175,1.7105000000000001,61.2,1,2009,2009-01-01,2.0,3.605555555555555,1.8944444444444444,1.422222222222222,60.1,134847.0,-768.0,7.3,564000.0,96750.0,4522250.0,1130200.0,0.23036570038980902,0.613924363454856,2.1999999999999997,-0.3999999999999999,3.603703703703703,-0.011111111111111516,1.8777777777777775,0.016666666666666385,1.401851851851852,0.02777777777777768,13.256894270361935,13.000030864197528,2.0541237336955462,-0.0056953436116488065,134185.85747886906,-0.003609211877356966,0,1,0
94,2009-02-28,133318.0,8.3,644000.0,5297000.0,0.9752631578947369,2.87,1.894736842105263,56.3,2,2009,2009-02-01,2.1,3.6,1.9055555555555557,1.3888888888888888,61.2,134079.0,-761.0,7.8,572000.0,124200.0,4861200.0,1200400.0,0.09339087313524885,0.23814238194222978,2.1333333333333333,-0.19999999999999973,3.6055555555555556,0.00555555555555598,1.8907407407407408,0.03888888888888897,1.401851851851852,0.0,13.37545400508649,12.96,2.1162555148025524,-0.00567575832158651,132576.57896695865,-0.011992907018266274,0,1,0
95,2009-03-31,132494.0,8.7,659250.0,5765750.0,0.9313636363636365,2.819545454545455,1.8881818181818182,57.3,3,2009,2009-03-01,1.9,3.6333333333333333,1.8944444444444444,1.422222222222222,56.3,133318.0,-824.0,8.266666666666667,644000.0,95250.0,5297000.0,1243500.0,0.08727921893278588,0.1906276334325218,2.0,-0.3999999999999999,3.6129629629629627,0.022222222222222143,1.8981481481481481,0.022222222222222365,1.4111111111111108,0.02777777777777768,13.398858104215533,13.20111111111111,2.163323025660538,-0.006180710781739873,131981.52070999652,-0.004488411615376164,0,1,0
96,2009-04-30,131822.0,9.0,627750.0,6184500.0,0.927142857142857,2.927142857142857,2.0,65.1,4,2009,2009-04-01,1.7,3.6,1.8944444444444444,1.4055555555555557,57.3,132494.0,-672.0,8.666666666666666,659250.0,55750.0,5765750.0,1323300.0,0.026647533696033312,0.053833335900559616,1.8999999999999997,-0.30000000000000004,3.611111111111111,-0.005555555555555092,1.8981481481481481,0.0,1.4055555555555557,-0.016666666666666385,13.349897277019831,12.96,2.1972245773362196,-0.005071927785409103,131563.616673147,-0.003166382949684299,0,1,0
97,2009-05-31,131466.0,9.4,612000.0,6525600.0,0.9295,3.293,2.3635,68.7,5,2009,2009-05-01,1.9,3.6166666666666667,1.877777777777778,1.4000000000000001,65.1,131822.0,-356.0,9.033333333333333,627750.0,-32000.0,6184500.0,1228600.0,0.0021151926753028363,0.24818939563593645,1.8333333333333333,-0.20000000000000018,3.616666666666667,0.016666666666666607,1.8888888888888886,-0.02777777777777768,1.4092592592592592,0.011111111111111294,13.324487561494463,13.080277777777779,2.2407096892759584,-0.002700611430565436,130511.05852543637,-0.008000374072457794,0,1,0
98,2009-06-30,131008.0,9.5,598250.0,6534250.0,1.184090909090909,3.7218181818181817,2.5377272727272726,70.8,6,2009,2009-06-01,1.9,3.594444444444444,1.8888888888888888,1.4166666666666667,68.7,131466.0,-458.0,9.299999999999999,612000.0,-61000.0,6525600.0,768500.0,0.1476732815566324,0.3977531381994795,1.8333333333333333,0.0,3.603703703703703,-0.038888888888889195,1.887037037037037,-0.005555555555555536,1.4074074074074074,-0.005555555555555314,13.30176400577062,12.920030864197528,2.2512917986064953,-0.00348379048575298,130055.48038171446,-0.0034907244556071637,0,1,0
99,2009-07-31,130662.0,9.5,566500.0,6139000.0,1.0190909090909093,3.5622727272727275,2.5431818181818184,66.0,7,2009,2009-07-01,1.7,3.6,1.872222222222222,1.4111111111111112,70.8,131008.0,-346.0,9.466666666666667,598250.0,-61250.0,6534250.0,-45500.0,0.1291433712220731,0.21673624015409299,1.8333333333333333,0.0,3.603703703703704,0.0,1.8796296296296295,-0.022222222222222365,1.4092592592592592,0.005555555555555536,13.247232359450198,12.96,2.2512917986064953,-0.002641060087933522,130202.5625520078,0.001130918665339209,1,0,2
100,2009-08-31,130472.0,9.6,559200.0,6047800.0,1.1152380952380954,3.587142857142857,2.4719047619047623,65.7,8,2009,2009-08-01,1.8,3.605555555555555,1.8833333333333333,1.4055555555555557,66.0,130662.0,-190.0,9.533333333333333,566500.0,-52800.0,6139000.0,-477800.0,0.0828753998277045,0.08583969410303603,1.8,-0.09999999999999987,3.5999999999999996,-0.011111111111111516,1.8814814814814813,0.005555555555555314,1.4111111111111112,0.005555555555555536,13.234262469901738,13.000030864197528,2.2617630984737906,-0.0014541335659946641,129768.13756991744,-0.0033365317362078484,0,1,0
101,2009-09-30,130246.0,9.8,547500.0,5984750.0,0.9561904761904761,3.401904761904762,2.4457142857142857,73.5,9,2009,2009-09-01,1.9,3.605555555555555,1.872222222222222,1.4055555555555557,65.7,130472.0,-226.0,9.633333333333335,559200.0,-50750.0,6047800.0,-549500.0,0.08010086452711021,0.10053984251976329,1.7999999999999998,0.0,3.603703703703703,0.011111111111111072,1.8759259259259258,-0.01666666666666683,1.4074074074074074,-0.011111111111111072,13.213117740672793,13.000030864197528,2.2823823856765264,-0.0017321724201361244,129573.37017479548,-0.001500887650614735,0,1,0
102,2009-10-31,130061.0,10.0,525400.0,5765600.0,0.949047619047619,3.3876190476190478,2.4385714285714286,70.6,10,2009,2009-10-01,1.8,3.6166666666666667,1.877777777777778,1.3944444444444444,73.5,130246.0,-185.0,9.799999999999999,547500.0,-41100.0,5984750.0,-373400.0,0.09395605347664825,0.11130063201895987,1.8333333333333333,0.10000000000000009,3.609259259259259,0.016666666666666607,1.877777777777778,0.00555555555555598,1.401851851851852,-0.01666666666666683,13.171915156233576,13.080277777777779,2.302585092994046,-0.001420389109838327,129623.7300798792,0.0003886593751152301,0,0,1
103,2009-11-30,130057.0,9.9,494000.0,5460500.0,0.8031578947368421,3.4026315789473687,2.599473684210526,67.4,11,2009,2009-11-01,1.9,3.594444444444444,1.8666666666666667,1.3888888888888888,70.6,130061.0,-4.0,9.9,525400.0,-65200.0,5765600.0,-587300.0,0.08636531234061182,0.008465478845326228,1.8666666666666665,0.09999999999999987,3.6055555555555556,-0.011111111111111072,1.872222222222222,-0.016666666666666607,1.3962962962962961,-0.01666666666666683,13.110290796170059,12.920030864197528,2.2925347571405443,-3.0754799670962285e-05,129576.48325297856,-0.00036449211013689364,0,0,1
104,2009-12-31,129808.0,9.9,485500.0,5141750.0,0.8745454545454545,3.5900000000000003,2.7154545454545453,72.5,12,2009,2009-12-01,1.9,3.611111111111111,1.872222222222222,1.3944444444444444,67.4,130057.0,-249.0,9.933333333333334,494000.0,-62000.0,5460500.0,-843000.0,0.07295040309525265,0.11276106833418238,1.8666666666666665,0.0,3.6074074074074076,0.00555555555555598,1.8722222222222225,0.0,1.3925925925925924,-0.011111111111111294,13.092934566713517,13.040123456790123,2.2925347571405443,-0.0019145451609678954,129558.92251840334,-0.0001355240868895491,0,0,1
105,2010-01-31,129802.0,9.8,479800.0,4839000.0,0.9289473684210525,3.7331578947368427,2.8042105263157895,74.4,1,2010,2010-01-01,2.1,3.605555555555555,1.8944444444444444,1.422222222222222,72.5,129808.0,-6.0,9.866666666666667,485500.0,-45600.0,5141750.0,-926600.0,0.06308558157859306,0.16575521784775632,1.9666666666666668,0.30000000000000004,3.603703703703703,-0.011111111111111516,1.8777777777777775,0.016666666666666385,1.401851851851852,0.02777777777777768,13.081124629387732,13.000030864197528,2.2823823856765264,-4.6222112658700354e-05,129068.54159038779,-0.003785003135896692,0,1,0
106,2010-02-28,129706.0,9.8,485750.0,4793750.0,0.856842105263158,3.691052631578947,2.8342105263157897,73.6,2,2010,2010-02-01,2.0,3.6,1.9055555555555557,1.3888888888888888,74.4,129802.0,-96.0,9.833333333333334,479800.0,-8250.0,4839000.0,-666750.0,0.03757691175965316,0.07357385219407382,2.0,0.10000000000000009,3.6055555555555556,0.00555555555555598,1.8907407407407408,0.03888888888888897,1.401851851851852,0.0,13.093449367239687,12.96,2.2823823856765264,-0.0007395879878584477,129169.82300858246,0.0007847103325619997,0,0,1
107,2010-03-31,129866.0,9.9,470250.0,4731750.0,0.9586956521739131,3.7273913043478264,2.7686956521739132,73.6,3,2010,2010-03-01,2.0,3.6333333333333333,1.8944444444444444,1.422222222222222,73.6,129706.0,160.0,9.833333333333334,485750.0,-15250.0,4793750.0,-410000.0,0.05237409407292663,0.022827636353249466,2.033333333333333,0.10000000000000009,3.6129629629629627,0.022222222222222143,1.8981481481481481,0.022222222222222365,1.4111111111111108,0.02777777777777768,13.061019747163277,13.20111111111111,2.2925347571405443,0.001233558971828641,129172.9770659164,2.4417911711038798e-05,0,0,1
108,2010-04-30,130120.0,9.9,469000.0,4728000.0,1.0604545454545455,3.8468181818181817,2.786363636363636,72.2,4,2010,2010-04-01,2.4,3.6,1.8944444444444444,1.4055555555555557,73.6,129866.0,254.0,9.866666666666667,470250.0,-10800.0,4731750.0,-111000.0,0.10180622376262786,0.08149251994528811,2.1333333333333333,0.2999999999999998,3.6111111111111107,-0.005555555555555092,1.8981481481481481,0.0,1.4055555555555557,-0.016666666666666385,13.058358047428417,12.96,2.2925347571405443,0.001955862196417746,128721.08145577916,-0.003498375747015947,0,1,0
109,2010-05-31,130642.0,9.6,459400.0,4674800.0,0.8305,3.4200000000000004,2.5895,73.6,5,2010,2010-05-01,2.2,3.6166666666666667,1.877777777777778,1.4000000000000001,72.2,130120.0,522.0,9.799999999999999,469000.0,-26350.0,4728000.0,-118950.0,0.11523026987540107,0.2201991346416149,2.1999999999999997,0.20000000000000018,3.6166666666666667,0.016666666666666607,1.8888888888888886,-0.02777777777777768,1.4092592592592592,0.011111111111111294,13.037676569237135,13.080277777777779,2.2617630984737906,0.004011681524746402,129577.82530502991,0.006655816122435931,1,0,2
110,2010-06-30,130510.0,9.4,460500.0,4583250.0,0.7245454545454545,3.2040909090909087,2.4795454545454545,76.0,6,2010,2010-06-01,2.1,3.594444444444444,1.8888888888888888,1.4166666666666667,73.6,130642.0,-132.0,9.633333333333335,459400.0,-9750.0,4674800.0,-148500.0,0.17172670925689207,0.32708022537168185,2.2333333333333334,0.10000000000000009,3.603703703703704,-0.038888888888889195,1.887037037037037,-0.005555555555555536,1.4074074074074074,-0.005555555555555314,13.0400681346775,12.920030864197528,2.2407096892759584,-0.001010394819430216,130322.28382082752,0.005745261691536552,1,0,2
111,2010-07-31,130415.0,9.4,459200.0,4528600.0,0.6166666666666666,3.0114285714285716,2.394761904761905,67.8,7,2010,2010-07-01,2.3,3.6,1.872222222222222,1.4111111111111112,76.0,130510.0,-95.0,9.466666666666667,460500.0,-9800.0,4583250.0,-199400.0,0.10691810964571187,0.20439590836394314,2.2,-0.10000000000000009,3.603703703703703,0.0,1.8796296296296295,-0.022222222222222365,1.4092592592592592,0.005555555555555536,13.037241123987494,12.96,2.2407096892759584,-0.0007279135698413652,130028.99501927107,-0.0022504885040204314,0,1,0
112,2010-08-31,130415.0,9.5,475000.0,4461250.0,0.5204545454545455,2.6986363636363637,2.178181818181818,68.9,8,2010,2010-08-01,2.2,3.605555555555555,1.8833333333333333,1.4055555555555557,67.8,130415.0,0.0,9.433333333333332,459200.0,15600.0,4528600.0,-213550.0,0.10210101559733574,0.25509541977124817,2.2,0.0,3.5999999999999996,-0.011111111111111516,1.8814814814814813,0.005555555555555314,1.4111111111111112,0.005555555555555536,13.071070083016778,13.000030864197528,2.2512917986064953,0.0,130062.92285025166,0.0002609251188596673,0,0,1
113,2010-09-30,130341.0,9.5,453500.0,4467750.0,0.48,2.6476190476190475,2.1676190476190476,68.2,9,2010,2010-09-01,2.2,3.605555555555555,1.872222222222222,1.4055555555555557,68.9,130415.0,-74.0,9.466666666666667,475000.0,-7000.0,4461250.0,-115500.0,0.0702034190691699,0.1969767758745328,2.2333333333333334,0.10000000000000009,3.603703703703703,0.011111111111111072,1.8759259259259258,-0.01666666666666683,1.4074074074074074,-0.011111111111111072,13.024750548537328,13.000030864197528,2.2512917986064953,-0.0005674193919411596,130266.50514069136,0.0015652599986091253,1,0,2
114,2010-10-31,130620.0,9.4,446800.0,4363400.0,0.376,2.54,2.164,67.7,10,2010,2010-10-01,2.4,3.6166666666666667,1.877777777777778,1.3944444444444444,68.2,130341.0,279.0,9.466666666666667,453500.0,-12400.0,4467750.0,-165200.0,0.07452033945013226,0.08098366276777968,2.266666666666667,0.10000000000000009,3.609259259259259,0.016666666666666607,1.877777777777778,0.00555555555555598,1.401851851851852,-0.01666666666666683,13.009866346177184,13.080277777777779,2.2407096892759584,0.002140539047575274,130062.27524210782,-0.0015677851982208724,0,1,0
115,2010-11-30,130749.0,9.8,426250.0,4195500.0,0.454,2.763,2.309,71.6,11,2010,2010-11-01,2.4,3.594444444444444,1.8666666666666667,1.3888888888888888,67.7,130620.0,129.0,9.566666666666666,446800.0,-48750.0,4363400.0,-265750.0,0.05412331598637382,0.11152251161586896,2.3333333333333335,0.19999999999999973,3.6055555555555556,-0.011111111111111072,1.872222222222222,-0.016666666666666607,1.3962962962962961,-0.01666666666666683,12.962781307579863,12.920030864197528,2.2823823856765264,0.0009875976113917773,130285.0198546294,0.001712599692008654,1,0,2
116,2010-12-31,130830.0,9.3,420250.0,4100000.0,0.6181818181818182,3.290909090909091,2.6727272727272724,74.5,12,2010,2010-12-01,2.3,3.611111111111111,1.872222222222222,1.3944444444444444,71.6,130749.0,81.0,9.500000000000002,426250.0,-33250.0,4195500.0,-367750.0,0.12362018610748968,0.3856339955351214,2.3666666666666667,0.09999999999999964,3.6074074074074076,0.00555555555555598,1.8722222222222225,0.0,1.3925925925925924,-0.011111111111111294,12.948605051270862,13.040123456790123,2.2300144001592104,0.0006195076061767946,130492.95690545005,0.0015960165723785114,1,0,2
117,2011-01-31,130837.0,9.1,426800.0,3918400.0,0.6144999999999999,3.3939999999999997,2.7794999999999996,74.2,1,2011,2011-01-01,2.3,3.605555555555555,1.8944444444444444,1.422222222222222,74.5,130830.0,7.0,9.4,420250.0,-20000.0,4100000.0,-445000.0,0.09374564452706766,0.33849587486446975,2.333333333333333,-0.10000000000000009,3.603703703703703,-0.011111111111111516,1.8777777777777775,0.016666666666666385,1.401851851851852,0.02777777777777768,12.964070798409736,13.000030864197528,2.2082744135228043,5.350454788666248e-05,130514.17304055834,0.0001625845226549405,0,0,1
118,2011-02-28,131057.0,9.0,401500.0,3849250.0,0.7726315789473684,3.5763157894736843,2.803684210526316,77.5,2,2011,2011-02-01,2.4,3.6,1.9055555555555557,1.3888888888888888,74.2,130837.0,220.0,9.133333333333333,426800.0,-24750.0,3918400.0,-346250.0,0.09025323691905637,0.14452437292378428,2.3333333333333335,0.0,3.6055555555555556,0.00555555555555598,1.8907407407407408,0.03888888888888897,1.401851851851852,0.0,12.902962812368953,12.96,2.1972245773362196,0.001681481538096996,130567.48620427404,0.00040848562630158014,0,0,1
119,2011-03-31,131283.0,9.0,406000.0,3765500.0,0.697391304347826,3.4143478260869564,2.7169565217391307,67.5,3,2011,2011-03-01,2.4,3.6333333333333333,1.8944444444444444,1.422222222222222,77.5,131057.0,226.0,9.033333333333333,401500.0,-14250.0,3849250.0,-334500.0,0.07909663237547022,0.09990554062167836,2.3666666666666667,0.10000000000000009,3.6129629629629627,0.022222222222222143,1.8981481481481481,0.022222222222222365,1.4111111111111108,0.02777777777777768,12.91410843858387,13.20111111111111,2.1972245773362196,0.0017244405106175975,130800.31478907091,0.0017832049277000106,1,0,2
120,2011-04-30,131597.0,9.1,420600.0,3770800.0,0.7344999999999999,3.4549999999999996,2.7205000000000004,69.8,4,2011,2011-04-01,2.4,3.6,1.8944444444444444,1.4055555555555557,67.5,131283.0,314.0,9.033333333333333,406000.0,-6200.0,3765500.0,-147600.0,0.03762129611446468,0.08426519762339768,2.4,0.10000000000000009,3.611111111111111,-0.005555555555555092,1.8981481481481481,0.0,1.4055555555555557,-0.016666666666666385,12.949437542250736,12.96,2.2082744135228043,0.0023917795906553962,130813.34640411333,9.962984464850777e-05,0,0,1
121,2011-05-31,131703.0,9.0,422500.0,3773750.0,0.5552380952380952,3.168571428571429,2.6133333333333333,74.3,5,2011,2011-05-01,2.4,3.6166666666666667,1.877777777777778,1.4000000000000001,69.8,131597.0,106.0,9.033333333333333,420600.0,21000.0,3770800.0,-75500.0,0.09462154498511724,0.1549730962404499,2.4,0.0,3.616666666666667,0.016666666666666607,1.8888888888888886,-0.02777777777777768,1.4092592592592592,0.011111111111111294,12.953944725779365,13.080277777777779,2.1972245773362196,0.0008054894868423368,131238.33590592703,0.0032488237132992648,1,0,2
122,2011-06-30,131931.0,9.1,418250.0,3741750.0,0.4104545454545454,3.002272727272727,2.591818181818182,71.5,6,2011,2011-06-01,2.6,3.594444444444444,1.8888888888888888,1.4166666666666667,74.3,131703.0,228.0,9.066666666666668,422500.0,12250.0,3773750.0,-23750.0,0.16232814676785748,0.2290045734824407,2.466666666666667,0.20000000000000018,3.603703703703703,-0.038888888888889195,1.887037037037037,-0.005555555555555536,1.4074074074074074,-0.005555555555555314,12.94383461884907,12.920030864197528,2.2082744135228043,0.0017311678549463139,131142.3904537928,-0.0007310779390178324,0,0,1
123,2011-07-31,131992.0,9.0,412600.0,3721600.0,0.40650000000000003,3.003,2.5965,63.7,7,2011,2011-07-01,2.7,3.6,1.872222222222222,1.4111111111111112,71.5,131931.0,61.0,9.033333333333333,418250.0,-8000.0,3741750.0,-49200.0,0.08475546756492969,0.09580334452961387,2.5666666666666664,0.30000000000000027,3.603703703703704,0.0,1.8796296296296295,-0.022222222222222365,1.4092592592592592,0.005555555555555536,12.930233879619289,12.96,2.1972245773362196,0.0004623629018198905,131292.7801245608,0.001146766276317157,1,0,2
124,2011-08-31,132125.0,9.0,409500.0,3716000.0,0.23043478260869565,2.3030434782608693,2.072608695652174,55.8,8,2011,2011-08-01,2.5,3.605555555555555,1.8833333333333333,1.4055555555555557,63.7,131992.0,133.0,9.033333333333333,412600.0,-13000.0,3721600.0,-57750.0,0.10281189475610651,0.4039103043837743,2.6,0.10000000000000009,3.5999999999999996,-0.011111111111111516,1.8814814814814813,0.005555555555555314,1.4111111111111112,0.005555555555555536,12.922692182275261,13.000030864197528,2.1972245773362196,0.0010076368264744229,131966.63138662183,0.0051324319693870635,1,0,2
125,2011-09-30,132344.0,9.0,417750.0,3742750.0,0.21142857142857144,1.975238095238095,1.7638095238095237,59.5,9,2011,2011-09-01,2.8,3.605555555555555,1.872222222222222,1.4055555555555557,55.8,132125.0,219.0,9.0,409500.0,-500.0,3716000.0,1000.0,0.1075585569845099,0.5249904815555497,2.6666666666666665,0.19999999999999973,3.603703703703703,0.011111111111111072,1.8759259259259258,-0.01666666666666683,1.4074074074074074,-0.011111111111111072,12.94263844645764,13.000030864197528,2.1972245773362196,0.0016575212866603017,131746.0342588325,-0.001671612933295652,0,1,0
126,2011-10-31,132553.0,8.8,402400.0,3701600.0,0.2805,2.152,1.8715,60.8,10,2011,2011-10-01,2.7,3.6166666666666667,1.877777777777778,1.3944444444444444,59.5,132344.0,209.0,8.933333333333332,417750.0,-10200.0,3742750.0,-20000.0,0.03568058365772008,0.16407075325338272,2.6666666666666665,0.0,3.609259259259259,0.016666666666666607,1.877777777777778,0.00555555555555598,1.401851851851852,-0.01666666666666683,12.905201897767666,13.080277777777779,2.174751721484161,0.0015792177960467502,132205.7281365406,0.003489242619667543,1,0,2
127,2011-11-30,132690.0,8.6,389250.0,3652500.0,0.2535,2.0134999999999996,1.7600000000000002,63.7,11,2011,2011-11-01,2.6,3.594444444444444,1.8666666666666667,1.3888888888888888,60.8,132553.0,137.0,8.799999999999999,402400.0,-20250.0,3701600.0,-63500.0,0.034808685092257825,0.09299730670916492,2.6999999999999997,0.10000000000000009,3.6055555555555556,-0.011111111111111072,1.872222222222222,-0.016666666666666607,1.3962962962962961,-0.01666666666666683,12.871977089696244,12.920030864197528,2.151762203259462,0.0010335488446131524,132777.81813529477,0.004327270889225909,1,0,2
128,2011-12-31,132888.0,8.5,377000.0,3573400.0,0.2571428571428572,1.9780952380952381,1.720952380952381,69.9,12,2011,2011-12-01,2.8,3.611111111111111,1.872222222222222,1.3944444444444444,63.7,132690.0,198.0,8.633333333333333,389250.0,-40750.0,3652500.0,-169350.0,0.014650520643676173,0.09190449152840674,2.7000000000000006,0.0,3.6074074074074076,0.00555555555555598,1.8722222222222225,0.0,1.3925925925925924,-0.011111111111111294,12.840000466430148,13.040123456790123,2.1400661634962708,0.001492199864345567,132801.16181245362,0.0001758100674245089,0,0,1
129,2012-01-31,133246.0,8.3,377750.0,3451250.0,0.2405,1.9665,1.7260000000000002,75.0,1,2012,2012-01-01,2.8,3.605555555555555,1.8944444444444444,1.422222222222222,69.9,132888.0,358.0,8.466666666666667,377000.0,-24650.0,3573400.0,-250350.0,0.008748858041803649,0.024484507727339854,2.733333333333333,0.09999999999999964,3.603703703703703,-0.011111111111111516,1.8777777777777775,0.016666666666666385,1.401851851851852,0.02777777777777768,12.841987880134987,13.000030864197528,2.1162555148025524,0.002693997953163496,133037.10735374843,0.0017766828096581477,1,0,2
130,2012-02-29,133509.0,8.3,363250.0,3381750.0,0.27799999999999997,1.9675,1.6895,75.3,2,2012,2012-02-01,2.6,3.6,1.9055555555555557,1.3888888888888888,75.0,133246.0,263.0,8.366666666666667,377750.0,-26000.0,3451250.0,-270750.0,0.018789425670721754,0.006425322516709965,2.733333333333333,0.0,3.6055555555555556,0.00555555555555598,1.8907407407407408,0.03888888888888897,1.401851851851852,0.0,12.80284658143253,12.96,2.1162555148025524,0.0019737928343064315,133783.5236275172,0.005610587065637329,1,0,2
131,2012-03-31,133748.0,8.2,366600.0,3336800.0,0.34454545454545454,2.1727272727272724,1.8281818181818181,76.2,3,2012,2012-03-01,2.9,3.6333333333333333,1.8944444444444444,1.422222222222222,75.3,133509.0,239.0,8.266666666666667,363250.0,-10400.0,3381750.0,-236600.0,0.05269409222484513,0.1187777486789842,2.766666666666667,0.10000000000000009,3.6129629629629627,0.022222222222222143,1.8981481481481481,0.022222222222222365,1.4111111111111108,0.02777777777777768,12.812026614387742,13.20111111111111,2.1041341542702074,0.0017901414885888034,133518.4625644914,-0.001981268364285138,0,1,0
132,2012-04-30,133825.0,8.2,381750.0,3323000.0,0.2919047619047619,2.052857142857143,1.7609523809523808,76.4,4,2012,2012-04-01,2.8,3.6,1.8944444444444444,1.4055555555555557,76.2,133748.0,77.0,8.233333333333333,366600.0,4000.0,3336800.0,-128250.0,0.035101477761275625,0.10309617139898725,2.766666666666667,0.0,3.6111111111111107,-0.005555555555555092,1.8981481481481481,0.0,1.4055555555555557,-0.016666666666666385,12.85252122308088,12.96,2.1041341542702074,0.000575709543320313,133760.53660796385,0.0018130379785905593,1,0,2
133,2012-05-31,133932.0,8.2,373500.0,3328000.0,0.28500000000000003,1.8031818181818182,1.518181818181818,79.3,5,2012,2012-05-01,2.8,3.6166666666666667,1.877777777777778,1.4000000000000001,76.4,133825.0,107.0,8.2,381750.0,10250.0,3323000.0,-53750.0,0.03256884865391271,0.18853401937135042,2.8333333333333335,0.19999999999999973,3.6166666666666667,0.016666666666666607,1.8888888888888886,-0.02777777777777768,1.4092592592592592,0.011111111111111294,12.83067328355501,13.080277777777779,2.1041341542702074,0.0007995516532786073,134030.18700479105,0.002015918922465998,1,0,2
134,2012-06-30,134013.0,8.2,379200.0,3324400.0,0.2919047619047619,1.6223809523809525,1.3304761904761906,73.2,6,2012,2012-06-01,2.8,3.594444444444444,1.8888888888888888,1.4166666666666667,79.3,133932.0,81.0,8.2,373500.0,12600.0,3328000.0,-12400.0,0.00398646614798805,0.216154447634418,2.8,-0.10000000000000009,3.603703703703704,-0.038888888888889195,1.887037037037037,-0.005555555555555536,1.4074074074074074,-0.005555555555555314,12.845819049363003,12.920030864197528,2.1041341542702074,0.0006047845175163324,134145.06921574924,0.00085713684003208,0,0,1
135,2012-07-31,134157.0,8.2,372500.0,3305750.0,0.2480952380952381,1.5266666666666668,1.2785714285714287,72.3,7,2012,2012-07-01,2.7,3.6,1.872222222222222,1.4111111111111112,73.2,134013.0,144.0,8.2,379200.0,-9250.0,3324400.0,-17250.0,0.023554587539011976,0.14042246174873924,2.766666666666667,-0.09999999999999964,3.603703703703703,0.0,1.8796296296296295,-0.022222222222222365,1.4092592592592592,0.005555555555555536,12.827992316801751,12.96,2.1041341542702074,0.0010745226209396552,134468.11145375593,0.0024081558859769814,1,0,2
136,2012-08-31,134339.0,8.1,373250.0,3306250.0,0.26869565217391306,1.6782608695652175,1.4095652173913045,74.3,8,2012,2012-08-01,2.8,3.605555555555555,1.8833333333333333,1.4055555555555557,72.3,134157.0,182.0,8.166666666666666,372500.0,-250.0,3305750.0,-21750.0,0.021917702933553208,0.07666441154650656,2.766666666666667,0.0,3.5999999999999996,-0.011111111111111516,1.8814814814814813,0.005555555555555314,1.4111111111111112,0.005555555555555536,12.830003715401437,13.000030864197528,2.0918640616783932,0.001356619483142918,134417.30634366866,-0.000377822738328093,0,0,1
137,2012-09-30,134517.0,7.8,381800.0,3314400.0,0.25526315789473686,1.7231578947368422,1.4678947368421054,78.3,9,2012,2012-09-01,2.8,3.605555555555555,1.872222222222222,1.4055555555555557,74.3,134339.0,178.0,8.033333333333333,373250.0,2600.0,3306250.0,-10000.0,0.010457756588594444,0.10296062995963133,2.766666666666667,0.0,3.603703703703703,0.011111111111111072,1.8759259259259258,-0.01666666666666683,1.4074074074074074,-0.011111111111111072,12.852652190273785,13.000030864197528,2.0541237336955462,0.0013250061411802516,134569.71469564884,0.0011338447118596218,1,0,2
138,2012-10-31,134669.0,7.8,368500.0,3276250.0,0.27714285714285714,1.7461904761904763,1.469047619047619,82.6,10,2012,2012-10-01,2.7,3.6166666666666667,1.877777777777778,1.3944444444444444,78.3,134517.0,152.0,7.8999999999999995,381800.0,-4000.0,3314400.0,-29500.0,0.01103410178875766,0.03454628328734052,2.766666666666667,0.0,3.609259259259259,0.016666666666666607,1.877777777777778,0.00555555555555598,1.401851851851852,-0.01666666666666683,12.817195990611529,13.080277777777779,2.0541237336955462,0.0011299687028405447,134996.12351239318,0.0031686833676414228,1,0,2
139,2012-11-30,134825.0,7.7,401250.0,3326250.0,0.268,1.654,1.386,82.7,11,2012,2012-11-01,2.8,3.594444444444444,1.8666666666666667,1.3888888888888888,82.6,134669.0,156.0,7.766666666666667,368500.0,28000.0,3276250.0,20000.0,0.010988935517977786,0.04797985360709552,2.766666666666667,0.0,3.6055555555555556,-0.011111111111111072,1.872222222222222,-0.016666666666666607,1.3962962962962961,-0.01666666666666683,12.902339953426363,12.920030864197528,2.0412203288596382,0.0011583957703702463,134735.21179727404,-0.0019327348691993151,0,1,0
140,2012-12-31,135074.0,7.9,359000.0,3190200.0,0.257,1.719,1.462,72.9,12,2012,2012-12-01,2.9,3.611111111111111,1.872222222222222,1.3944444444444444,82.7,134825.0,249.0,7.8,401250.0,-22800.0,3326250.0,-124200.0,0.010085687307471674,0.04736983198823961,2.8000000000000003,0.10000000000000009,3.6074074074074076,0.00555555555555598,1.8722222222222225,0.0,1.3925925925925924,-0.011111111111111294,12.791077667470416,13.040123456790123,2.066862759472976,0.001846838494344416,135079.9204897082,0.0025584157833427046,1,0,2
141,2013-01-31,135257.0,8.0,353000.0,3132750.0,0.2652380952380953,1.9147619047619049,1.6495238095238096,73.8,1,2013,2013-01-01,2.8,3.605555555555555,1.8944444444444444,1.422222222222222,72.9,135074.0,183.0,7.866666666666667,359000.0,-15500.0,3190200.0,-143500.0,0.005722679023532103,0.1357353394974575,2.8333333333333335,0.09999999999999964,3.603703703703703,-0.011111111111111516,1.8777777777777775,0.016666666666666385,1.401851851851852,0.02777777777777768,12.774223335915433,13.000030864197528,2.0794415416798357,0.0013548129173637236,135384.59269193662,0.0022554958658835833,1,0,2
142,2013-02-28,135546.0,7.7,353000.0,3058750.0,0.2673684210526316,1.9842105263157896,1.7168421052631577,77.6,2,2013,2013-02-01,2.9,3.6,1.9055555555555557,1.3888888888888888,73.8,135257.0,289.0,7.866666666666667,353000.0,-48250.0,3132750.0,-267500.0,0.005475835651982812,0.13752724436774919,2.8666666666666667,0.10000000000000009,3.6055555555555556,0.00555555555555598,1.8907407407407408,0.03888888888888897,1.401851851851852,0.0,12.774223335915433,12.96,2.0412203288596382,0.0021366731481549106,135478.77868206336,0.000695692089136557,0,0,1
143,2013-03-31,135689.0,7.5,351800.0,3037800.0,0.256,1.9575,1.7015,78.6,3,2013,2013-03-01,2.9,3.6333333333333333,1.8944444444444444,1.422222222222222,77.6,135546.0,143.0,7.733333333333333,353000.0,-7200.0,3058750.0,-152400.0,0.006043201264046268,0.03503119570768723,2.8666666666666667,0.0,3.6129629629629627,0.022222222222222143,1.8981481481481481,0.022222222222222365,1.4111111111111108,0.02777777777777768,12.770818111285594,13.20111111111111,2.0149030205422647,0.0010549924011036271,135837.3109438379,0.00264640901890556,1,0,2
144,2013-04-30,135873.0,7.6,347250.0,3041500.0,0.2322727272727273,1.7590909090909093,1.526818181818182,76.4,4,2013,2013-04-01,2.9,3.6,1.8944444444444444,1.4055555555555557,78.6,135689.0,184.0,7.599999999999999,351800.0,-5750.0,3037800.0,-91250.0,0.017906852461046154,0.12298947219904188,2.9,0.10000000000000009,3.611111111111111,-0.005555555555555092,1.8981481481481481,0.0,1.4055555555555557,-0.016666666666666385,12.757800260616591,12.96,2.028148247292285,0.001356042125743473,136066.26919060719,0.0016855328273095438,1,0,2
145,2013-05-31,136096.0,7.5,347750.0,3012250.0,0.25045454545454543,1.9281818181818182,1.6777272727272725,84.5,5,2013,2013-05-01,3.0,3.6166666666666667,1.877777777777778,1.4000000000000001,76.4,135873.0,223.0,7.533333333333332,347250.0,-5250.0,3041500.0,-46500.0,0.01241178237106403,0.10709610845525906,2.9333333333333336,0.10000000000000009,3.616666666666667,0.016666666666666607,1.8888888888888886,-0.02777777777777768,1.4092592592592592,0.011111111111111294,12.759239109785689,13.080277777777779,2.0149030205422647,0.0016412385094903836,136050.13667066034,-0.00011856369725438132,0,0,1
146,2013-06-30,136279.0,7.5,344600.0,2992800.0,0.3335,2.3,1.9665,84.1,6,2013,2013-06-01,3.0,3.594444444444444,1.8888888888888888,1.4166666666666667,84.5,136096.0,183.0,7.533333333333332,347750.0,-7200.0,3012250.0,-45000.0,0.05396617270264719,0.27671379332436263,2.9666666666666663,0.10000000000000009,3.603703703703703,-0.038888888888889195,1.887037037037037,-0.005555555555555536,1.4074074074074074,-0.005555555555555314,12.750139603075967,12.920030864197528,2.0149030205422647,0.001344639078297627,136114.87741404312,0.0004758594512808134,0,0,1
147,2013-07-31,136391.0,7.3,346000.0,3020250.0,0.3409090909090909,2.5822727272727275,2.2413636363636367,85.1,7,2013,2013-07-01,2.8,3.6,1.872222222222222,1.4111111111111112,84.1,136279.0,112.0,7.433333333333333,344600.0,-1250.0,2992800.0,-21250.0,0.050221952275738786,0.32806543306882735,2.9333333333333336,-0.10000000000000009,3.603703703703704,0.0,1.8796296296296295,-0.022222222222222365,1.4092592592592592,0.005555555555555536,12.75419405403986,12.96,1.9878743481543455,0.0008218434241518136,136480.41184565108,0.002685484779860303,1,0,2
148,2013-08-31,136646.0,7.2,333400.0,2934400.0,0.3563636363636364,2.7372727272727273,2.380909090909091,82.1,8,2013,2013-08-01,2.9,3.605555555555555,1.8833333333333333,1.4055555555555557,85.1,136391.0,255.0,7.333333333333333,346000.0,-14350.0,3020250.0,-77850.0,0.011665358054540111,0.22170187586727427,2.9,-0.10000000000000009,3.5999999999999996,-0.011111111111111516,1.8814814814814813,0.005555555555555314,1.4111111111111112,0.005555555555555536,12.71709824929883,13.000030864197528,1.9740810260220096,0.0018696248286176331,136555.71490704137,0.0005517499571694451,0,0,1
149,2013-09-30,136821.0,7.2,314000.0,2895750.0,0.404,2.8095,2.4055,77.5,9,2013,2013-09-01,2.9,3.605555555555555,1.872222222222222,1.4055555555555557,82.1,136646.0,175.0,7.233333333333333,333400.0,-30600.0,2934400.0,-97050.0,0.03288497358416728,0.11609910450171146,2.8666666666666667,-0.10000000000000009,3.603703703703703,0.011111111111111072,1.8759259259259258,-0.01666666666666683,1.4074074074074074,-0.011111111111111072,12.65714826489039,13.000030864197528,1.9740810260220096,0.0012806814689050317,136986.144080362,0.0031520407154956853,1,0,2
150,2013-10-31,137041.0,7.2,358500.0,2928500.0,0.33545454545454545,2.6159090909090907,2.2804545454545457,73.2,10,2013,2013-10-01,3.0,3.6166666666666667,1.877777777777778,1.3944444444444444,77.5,136821.0,220.0,7.2,314000.0,12500.0,2895750.0,-91750.0,0.03513045346076056,0.0978292315206893,2.9333333333333336,0.20000000000000018,3.609259259259259,0.016666666666666607,1.877777777777778,0.00555555555555598,1.401851851851852,-0.01666666666666683,12.789683939021812,13.080277777777779,1.9740810260220096,0.001607940301561861,136579.0733980675,-0.0029716193928028822,0,1,0
151,2013-11-30,137317.0,6.9,328200.0,2851200.0,0.3036842105263158,2.718421052631579,2.4147368421052633,75.1,11,2013,2013-11-01,2.9,3.594444444444444,1.8666666666666667,1.3888888888888888,73.2,137041.0,276.0,7.1000000000000005,358500.0,-5200.0,2928500.0,-83200.0,0.05126904709177621,0.09685170539926773,2.933333333333333,0.0,3.6055555555555556,-0.011111111111111072,1.872222222222222,-0.016666666666666607,1.3962962962962961,-0.01666666666666683,12.701378457638128,12.920030864197528,1.9315214116032138,0.0020139958114724354,137317.71285560922,0.005408145180403334,1,0,2
152,2013-12-31,137372.0,6.7,346000.0,2858500.0,0.33999999999999997,2.901904761904762,2.5619047619047617,82.5,12,2013,2013-12-01,2.9,3.611111111111111,1.872222222222222,1.3944444444444444,75.1,137317.0,55.0,6.933333333333334,328200.0,32000.0,2851200.0,-37250.0,0.019785735197121415,0.14489565078186784,2.9333333333333336,0.0,3.6074074074074076,0.00555555555555598,1.8722222222222225,0.0,1.3925925925925924,-0.011111111111111294,12.75419405403986,13.040123456790123,1.9021075263969205,0.0004005330731082779,137355.8603346768,0.00027780450368908305,0,0,1
153,2014-01-31,137561.0,6.6,326750.0,2876750.0,0.3938095238095238,2.858095238095238,2.4642857142857144,81.2,1,2014,2014-01-01,2.9,3.605555555555555,1.8944444444444444,1.422222222222222,82.5,137372.0,189.0,6.733333333333333,346000.0,-31750.0,2858500.0,-51750.0,0.045344741540540134,0.09582486110078185,2.9,-0.10000000000000009,3.603703703703703,-0.011111111111111516,1.8777777777777775,0.016666666666666385,1.401851851851852,0.02777777777777768,12.696950631486468,13.000030864197528,1.8870696490323797,0.0013758262236844843,137686.08834284588,0.0024041785138577687,1,0,2
154,2014-02-28,137712.0,6.7,335250.0,2848750.0,0.3268421052631579,2.709473684210526,2.382631578947368,81.6,2,2014,2014-02-01,3.1,3.6,1.9055555555555557,1.3888888888888888,81.2,137561.0,151.0,6.666666666666667,326750.0,7050.0,2876750.0,-2450.0,0.03548058199787278,0.10086076237235289,2.9666666666666663,0.20000000000000018,3.6055555555555556,0.00555555555555598,1.8907407407407408,0.03888888888888897,1.401851851851852,0.0,12.722631801143924,12.96,1.9021075263969205,0.001097694840834329,137509.72583467694,-0.0012809028878051354,0,1,0
155,2014-03-31,137985.0,6.7,321000.0,2779200.0,0.3990476190476191,2.723333333333333,2.3242857142857143,80.0,3,2014,2014-03-01,3.1,3.6333333333333333,1.8944444444444444,1.422222222222222,81.6,137712.0,273.0,6.666666666666667,335250.0,-25000.0,2848750.0,-79300.0,0.040261041983398235,0.08209874859772347,3.033333333333333,0.20000000000000018,3.6129629629629627,0.022222222222222143,1.8981481481481481,0.022222222222222365,1.4111111111111108,0.02777777777777768,12.679196402112153,13.20111111111111,1.9021075263969205,0.001982398048100409,137814.13306183688,0.0022137141595781618,1,0,2
156,2014-04-30,138298.0,6.2,322750.0,2721000.0,0.41714285714285715,2.705238095238095,2.288095238095238,84.1,4,2014,2014-04-01,3.2,3.6,1.8944444444444444,1.4055555555555557,80.0,137985.0,313.0,6.533333333333332,321000.0,-4000.0,2779200.0,-155750.0,0.04777603941448804,0.009464563111728665,3.1333333333333333,0.30000000000000027,3.6111111111111107,-0.005555555555555092,1.8981481481481481,0.0,1.4055555555555557,-0.016666666666666385,12.68463330870889,12.96,1.824549292051046,0.002268362503170529,138104.27873508658,0.0021053404814403986,1,0,2
157,2014-05-31,138513.0,6.3,313800.0,2667400.0,0.38904761904761903,2.559047619047619,2.17,81.9,5,2014,2014-05-01,3.3,3.6166666666666667,1.877777777777778,1.4000000000000001,84.1,138298.0,215.0,6.3999999999999995,322750.0,-21450.0,2721000.0,-181350.0,0.014240669726283824,0.09008226692750425,3.1999999999999997,0.19999999999999973,3.6166666666666667,0.016666666666666607,1.8888888888888886,-0.02777777777777768,1.4092592592592592,0.011111111111111294,12.656511119281069,13.080277777777779,1.840549633397487,0.0015546139495872247,138385.96438411783,0.0020396591011606624,1,0,2
158,2014-06-30,138849.0,6.1,313500.0,2588750.0,0.4523809523809524,2.5985714285714288,2.146190476190476,82.5,6,2014,2014-06-01,3.5,3.594444444444444,1.8888888888888888,1.4166666666666667,81.9,138513.0,336.0,6.2,313800.0,-7500.0,2667400.0,-190450.0,0.031733727774810636,0.07562138655361669,3.3333333333333335,0.3999999999999999,3.603703703703704,-0.038888888888889195,1.887037037037037,-0.005555555555555536,1.4074074074074074,-0.005555555555555314,12.655554639055113,12.920030864197528,1.8082887711792655,0.0024257650906414074,138371.29556258433,-0.00010599934465016503,0,0,1
159,2014-07-31,139072.0,6.2,301750.0,2533500.0,0.5063636363636363,2.5422727272727275,2.0359090909090907,81.8,7,2014,2014-07-01,3.4,3.6,1.872222222222222,1.4111111111111112,82.5,138849.0,223.0,6.199999999999999,313500.0,-21000.0,2588750.0,-187500.0,0.058720083447009866,0.028905225251821976,3.4,0.19999999999999973,3.603703703703703,0.0,1.8796296296296295,-0.022222222222222365,1.4092592592592592,0.005555555555555536,12.617354138959778,12.96,1.824549292051046,0.0016060612607939895,138943.3019904344,0.0041338517900293414,1,0,2
160,2014-08-31,139269.0,6.1,302000.0,2504800.0,0.4723809523809524,2.42,1.9476190476190476,82.5,8,2014,2014-08-01,3.7,3.605555555555555,1.8833333333333333,1.4055555555555557,81.8,139072.0,197.0,6.133333333333333,301750.0,-11800.0,2533500.0,-162600.0,0.02729149128942794,0.09129432138653541,3.5333333333333337,0.40000000000000036,3.5999999999999996,-0.011111111111111516,1.8814814814814813,0.005555555555555314,1.4111111111111112,0.005555555555555536,12.618182296357007,13.000030864197528,1.8082887711792655,0.0014165324436263838,138828.4204605314,-0.000826823087239692,0,0,1
161,2014-09-30,139563.0,5.9,295000.0,2447750.0,0.5666666666666667,2.5342857142857143,1.9676190476190476,84.6,9,2014,2014-09-01,3.4,3.605555555555555,1.872222222222222,1.4055555555555557,82.5,139269.0,294.0,6.066666666666666,302000.0,-18500.0,2504800.0,-141000.0,0.04775122021639043,0.06840521020708984,3.5,-0.10000000000000009,3.603703703703703,0.011111111111111072,1.8759259259259258,-0.01666666666666683,1.4074074074074074,-0.011111111111111072,12.594730635321957,13.000030864197528,1.7749523509116738,0.0021110225534757276,139541.4929781304,0.005136358356837567,1,0,2
162,2014-10-31,139798.0,5.7,288750.0,2423250.0,0.4454545454545455,2.304090909090909,1.8586363636363636,86.9,10,2014,2014-10-01,3.5,3.6166666666666667,1.877777777777778,1.3944444444444444,84.6,139563.0,235.0,5.8999999999999995,295000.0,-13000.0,2447750.0,-110250.0,0.06364904507956017,0.11509835662288634,3.533333333333333,0.10000000000000009,3.609259259259259,0.016666666666666607,1.877777777777778,0.00555555555555598,1.401851851851852,-0.01666666666666683,12.57331654081814,13.080277777777779,1.7404661748405046,0.0016838273754504751,139947.07733941727,0.0029065502498990536,1,0,2
163,2014-11-30,140089.0,5.8,291600.0,2408800.0,0.5272222222222223,2.3255555555555554,1.7983333333333331,88.8,11,2014,2014-11-01,3.3,3.594444444444444,1.8666666666666667,1.3888888888888888,86.9,139798.0,291.0,5.8,288750.0,-10400.0,2423250.0,-96000.0,0.06182528540225126,0.1271604357691073,3.4,-0.40000000000000036,3.6055555555555556,-0.011111111111111072,1.872222222222222,-0.016666666666666607,1.3962962962962961,-0.01666666666666683,12.58313827911664,12.920030864197528,1.7578579175523736,0.0020815748437030823,140335.1730864307,0.0027731607861460894,1,0,2
164,2014-12-31,140364.0,5.6,284500.0,2380000.0,0.6354545454545455,2.2072727272727275,1.5718181818181818,93.6,12,2014,2014-12-01,3.5,3.611111111111111,1.872222222222222,1.3944444444444444,88.8,140089.0,275.0,5.699999999999999,291600.0,-10500.0,2408800.0,-67750.0,0.09530668807977345,0.06301497023843355,3.433333333333333,0.10000000000000009,3.6074074074074076,0.00555555555555598,1.8722222222222225,0.0,1.3925925925925924,-0.011111111111111294,12.558488532548523,13.040123456790123,1.7227665977411035,0.001963037783123678,140566.0570875448,0.00164523259590732,1,0,2
165,2015-01-31,140568.0,5.7,287600.0,2349800.0,0.5515000000000001,1.8815000000000002,1.33,98.1,1,2015,2015-01-01,3.7,3.605555555555555,1.8944444444444444,1.422222222222222,93.6,140364.0,204.0,5.7,284500.0,-1150.0,2380000.0,-73450.0,0.056792035810098895,0.22996522698041824,3.5,0.20000000000000018,3.603703703703703,-0.011111111111111516,1.8777777777777775,0.016666666666666385,1.401851851851852,0.02777777777777768,12.569325904829029,13.000030864197528,1.7404661748405046,0.0014533641104557127,140597.8143760712,0.00022592430338042035,0,0,1
166,2015-02-28,140827.0,5.5,301250.0,2340250.0,0.6189473684210526,1.9752631578947368,1.3563157894736841,95.4,2,2015,2015-02-01,3.7,3.6,1.9055555555555557,1.3888888888888888,98.1,140568.0,259.0,5.599999999999999,287600.0,9650.0,2349800.0,-68550.0,0.04447845939924035,0.1677040249447141,3.6333333333333333,0.40000000000000036,3.6055555555555556,0.00555555555555598,1.8907407407407408,0.03888888888888897,1.401851851851852,0.0,12.615695763787002,12.96,1.7047480922384253,0.0018425246144215812,140649.35661610492,0.0003665934656411629,0,0,1
167,2015-03-31,140923.0,5.4,284000.0,2326500.0,0.6404545454545455,2.0427272727272725,1.4022727272727273,93.0,3,2015,2015-03-01,3.6,3.6333333333333333,1.8944444444444444,1.422222222222222,95.4,140827.0,96.0,5.533333333333334,301250.0,-500.0,2340250.0,-53500.0,0.04641231396956981,0.08097033411429369,3.6666666666666665,0.10000000000000009,3.6129629629629627,0.022222222222222143,1.8981481481481481,0.022222222222222365,1.4111111111111108,0.02777777777777768,12.556729517143344,13.20111111111111,1.6863989535702288,0.0006816874605011236,141271.2626616437,0.004421677144505143,1,0,2
168,2015-04-30,141196.0,5.4,286000.0,2281500.0,0.54,1.935,1.395,95.9,4,2015,2015-04-01,3.8,3.6,1.8944444444444444,1.4055555555555557,93.0,140923.0,273.0,5.433333333333334,284000.0,-1600.0,2326500.0,-68300.0,0.05289354300101048,0.054432977080270915,3.6999999999999997,0.09999999999999964,3.611111111111111,-0.005555555555555092,1.8981481481481481,0.0,1.4055555555555557,-0.016666666666666385,12.56374708980199,12.96,1.6863989535702288,0.0019372281316747397,141099.79607413238,-0.0012137400365848094,0,1,0
169,2015-05-31,141538.0,5.6,274000.0,2260400.0,0.609,2.1975000000000002,1.5885,90.7,5,2015,2015-05-01,3.8,3.6166666666666667,1.877777777777778,1.4000000000000001,95.9,141196.0,342.0,5.466666666666666,286000.0,-27250.0,2281500.0,-79850.0,0.05138336976816404,0.1319507562164605,3.733333333333333,0.09999999999999964,3.616666666666667,0.016666666666666607,1.8888888888888886,-0.02777777777777768,1.4092592592592592,0.011111111111111294,12.520883385370206,13.080277777777779,1.7227665977411035,0.0024221649338507234,141303.0468492863,0.0014404753288739247,1,0,2
170,2015-06-30,141709.0,5.3,273750.0,2273750.0,0.6886363636363636,2.3636363636363638,1.675,96.1,6,2015,2015-06-01,3.6,3.594444444444444,1.8888888888888888,1.4166666666666667,90.7,141538.0,171.0,5.433333333333333,274000.0,-10250.0,2260400.0,-52750.0,0.07438158263130248,0.21611596946763081,3.733333333333333,0.0,3.603703703703703,-0.038888888888889195,1.887037037037037,-0.005555555555555536,1.4074074074074074,-0.005555555555555314,12.519970560112847,12.920030864197528,1.667706820558076,0.0012081561135526275,141950.8721169204,0.0045846517968226586,1,0,2
171,2015-07-31,141991.0,5.2,277750.0,2244750.0,0.6677272727272727,2.3245454545454547,1.656818181818182,93.1,7,2015,2015-07-01,4.1,3.6,1.872222222222222,1.4111111111111112,96.1,141709.0,282.0,5.366666666666667,273750.0,-8250.0,2273750.0,-36750.0,0.04128767584079805,0.0868618999872963,3.8333333333333335,0.2999999999999998,3.603703703703704,0.0,1.8796296296296295,-0.022222222222222365,1.4092592592592592,0.005555555555555536,12.534476707501877,12.96,1.6486586255873816,0.0019899935783895817,141432.2642285811,-0.0036534322093642047,0,1,0
172,2015-08-31,142125.0,5.1,275200.0,2254000.0,0.6976190476190476,2.1671428571428573,1.4695238095238095,91.9,8,2015,2015-08-01,3.7,3.605555555555555,1.8833333333333333,1.4055555555555557,93.1,141991.0,134.0,5.199999999999999,277750.0,1200.0,2244750.0,-6400.0,0.015337301482086962,0.10401392129313017,3.7999999999999994,-0.09999999999999964,3.5999999999999996,-0.011111111111111516,1.8814814814814813,0.005555555555555314,1.4111111111111112,0.005555555555555536,12.525253385041326,13.000030864197528,1.62924053973028,0.0009437217851835378,142390.36950504864,0.0067743048709101306,1,0,2
173,2015-09-30,142275.0,5.0,269500.0,2243000.0,0.7133333333333334,2.172857142857143,1.4595238095238094,87.2,9,2015,2015-09-01,3.7,3.605555555555555,1.872222222222222,1.4055555555555557,91.9,142125.0,150.0,5.1,275200.0,-4250.0,2254000.0,-30750.0,0.023167397155811998,0.08927259250281892,3.8333333333333335,0.10000000000000009,3.603703703703703,0.011111111111111072,1.8759259259259258,-0.01666666666666683,1.4074074074074074,-0.011111111111111072,12.504323669331189,13.000030864197528,1.6094379124341003,0.0010554089709762238,142640.92833126662,0.0017596613246311232,1,0,2
174,2015-10-31,142579.0,5.0,267000.0,2207600.0,0.6447619047619048,2.07,1.4252380952380952,90.0,10,2015,2015-10-01,3.9,3.6166666666666667,1.877777777777778,1.3944444444444444,87.2,142275.0,304.0,5.033333333333332,269500.0,-10750.0,2243000.0,-37150.0,0.03592319850044385,0.05780567963980869,3.766666666666667,-0.19999999999999973,3.609259259259259,0.016666666666666607,1.877777777777778,0.00555555555555598,1.401851851851852,-0.01666666666666683,12.495003937382387,13.080277777777779,1.6094379124341003,0.0021367070813564926,142586.91993539844,-0.00037863183098996167,0,0,1
175,2015-11-30,142808.0,5.1,268500.0,2208500.0,0.884736842105263,2.263157894736842,1.378421052631579,91.3,11,2015,2015-11-01,3.8,3.594444444444444,1.8666666666666667,1.3888888888888888,90.0,142579.0,229.0,5.033333333333333,267000.0,-6700.0,2207600.0,-45500.0,0.12360499867774942,0.09664694332623601,3.8000000000000003,0.09999999999999964,3.6055555555555556,-0.011111111111111072,1.872222222222222,-0.016666666666666607,1.3962962962962961,-0.01666666666666683,12.500606192931057,12.920030864197528,1.62924053973028,0.0016061271295211288,142833.24422005552,0.0017275377346581688,1,0,2
176,2015-12-31,143077.0,5.0,271000.0,2203750.0,0.9827272727272728,2.2427272727272727,1.26,92.6,12,2015,2015-12-01,3.9,3.611111111111111,1.872222222222222,1.3944444444444444,91.3,142808.0,269.0,5.033333333333332,268500.0,1500.0,2208500.0,-39250.0,0.17388247227680034,0.10611479111364465,3.8666666666666667,0.19999999999999973,3.6074074074074076,0.00555555555555598,1.8722222222222225,0.0,1.3925925925925924,-0.011111111111111294,12.509874099861838,13.040123456790123,1.6094379124341003,0.0018836479749033685,142929.3223056413,0.0006726591285552974,0,0,1
177,2016-01-31,143210.0,4.8,279600.0,2207600.0,0.8994736842105263,2.0852631578947367,1.1857894736842105,92.0,1,2016,2016-01-01,4.0,3.605555555555555,1.8944444444444444,1.422222222222222,92.6,143077.0,133.0,4.966666666666666,271000.0,12600.0,2203750.0,0.0,0.05283694889277501,0.09734722660978413,3.9,0.10000000000000009,3.603703703703703,-0.011111111111111516,1.8777777777777775,0.016666666666666385,1.401851851851852,0.02777777777777768,12.541115289341793,13.000030864197528,1.5686159179138452,0.000929569392704721,143087.93261113163,0.0011097114499090122,1,0,2
178,2016-02-29,143406.0,4.9,266750.0,2200500.0,0.7335,1.7795,1.046,91.7,2,2016,2016-02-01,3.9,3.6,1.9055555555555557,1.3888888888888888,92.0,143210.0,196.0,4.8999999999999995,279600.0,-1750.0,2207600.0,-8000.0,0.12688095294576698,0.23553682032893267,3.9333333333333336,0.10000000000000009,3.6055555555555556,0.00555555555555598,1.8907407407407408,0.03888888888888897,1.401851851851852,0.0,12.494067169164,12.96,1.589235205116581,0.00136861950981082,143611.25045890984,0.003657316436323166,1,0,2
179,2016-03-31,143662.0,5.0,263250.0,2167250.0,0.875,1.8890909090909092,1.014090909090909,91.0,3,2016,2016-03-01,4.1,3.6333333333333333,1.8944444444444444,1.422222222222222,91.7,143406.0,256.0,4.8999999999999995,266750.0,-7750.0,2200500.0,-36500.0,0.08959954898454502,0.15491117201037147,4.0,0.19999999999999973,3.6129629629629627,0.022222222222222143,1.8981481481481481,0.022222222222222365,1.4111111111111108,0.02777777777777768,12.480859429996222,13.20111111111111,1.6094379124341003,0.0017851414864091808,143469.65034568257,-0.0009859959632325666,0,0,1
180,2016-04-30,143854.0,5.1,266000.0,2149000.0,0.768095238095238,1.805238095238095,1.0371428571428571,89.0,4,2016,2016-04-01,3.9,3.6,1.8944444444444444,1.4055555555555557,91.0,143662.0,192.0,5.0,263250.0,-13600.0,2167250.0,-58600.0,0.07376506469521198,0.05730606613143993,3.966666666666667,-0.10000000000000009,3.6111111111111107,-0.005555555555555092,1.8981481481481481,0.0,1.4055555555555557,-0.016666666666666385,12.491251587763836,12.96,1.62924053973028,0.0013364703261822264,143913.75998475688,0.003095495374835444,1,0,2
181,2016-05-31,143900.0,4.8,274500.0,2169750.0,0.8161904761904762,1.8061904761904761,0.99,94.7,5,2016,2016-05-01,3.9,3.6166666666666667,1.877777777777778,1.4000000000000001,89.0,143854.0,46.0,4.966666666666666,266000.0,7750.0,2149000.0,-30750.0,0.05354179074362729,0.04813987120095391,3.9666666666666663,0.0,3.6166666666666667,0.016666666666666607,1.8888888888888886,-0.02777777777777768,1.4092592592592592,0.011111111111111294,12.522706539931722,13.080277777777779,1.5686159179138452,0.0003197686543301437,144122.4140825579,0.0014498550925436948,1,0,2
182,2016-06-30,144147.0,4.9,265250.0,2156750.0,0.7313636363636363,1.6440909090909093,0.9127272727272728,93.5,6,2016,2016-06-01,3.8,3.594444444444444,1.8888888888888888,1.4166666666666667,94.7,143900.0,247.0,4.933333333333333,274500.0,2000.0,2169750.0,-10500.0,0.0425400894223487,0.09331451502523852,3.8666666666666667,-0.2999999999999998,3.603703703703704,-0.038888888888889195,1.887037037037037,-0.005555555555555536,1.4074074074074074,-0.005555555555555314,12.488428056476229,12.920030864197528,1.589235205116581,0.0017164697706741894,144450.2469392265,0.002274683356891405,1,0,2
183,2016-07-31,144520.0,4.8,259400.0,2134600.0,0.6725,1.504,0.8314999999999999,90.0,7,2016,2016-07-01,4.0,3.6,1.872222222222222,1.4111111111111112,93.5,144147.0,373.0,4.833333333333333,265250.0,-6600.0,2156750.0,-14400.0,0.07223511771633796,0.15122875408018985,3.9,0.10000000000000009,3.603703703703703,0.0,1.8796296296296295,-0.022222222222222365,1.4092592592592592,0.005555555555555536,12.46612655086448,12.96,1.5686159179138452,0.002587636232457058,144603.0735582714,0.0010579879389835956,1,0,2
184,2016-08-31,144661.0,4.9,263500.0,2145000.0,0.7373913043478261,1.556521739130435,0.8191304347826087,89.8,8,2016,2016-08-01,3.8,3.605555555555555,1.8833333333333333,1.4055555555555557,90.0,144520.0,141.0,4.866666666666666,259400.0,-11000.0,2134600.0,-24750.0,0.035851875467902056,0.07077235267465495,3.8666666666666667,-0.10000000000000009,3.5999999999999996,-0.011111111111111516,1.8814814814814813,0.005555555555555314,1.4111111111111112,0.005555555555555536,12.481808646963554,13.000030864197528,1.589235205116581,0.0009756435095489291,145074.67333859304,0.003261339947463915,1,0,2
185,2016-09-30,144967.0,5.0,251500.0,2109500.0,0.7709523809523811,1.6304761904761906,0.8595238095238096,91.2,9,2016,2016-09-01,3.9,3.605555555555555,1.872222222222222,1.4055555555555557,89.8,144661.0,306.0,4.8999999999999995,263500.0,-13750.0,2145000.0,-47250.0,0.05005013912429353,0.06354004080416772,3.9,0.10000000000000009,3.603703703703703,0.011111111111111072,1.8759259259259258,-0.01666666666666683,1.4074074074074074,-0.011111111111111072,12.435198268521932,13.000030864197528,1.6094379124341003,0.0021152902302625787,145161.04708438998,0.0005953743945048551,0,0,1
186,2016-10-31,145065.0,4.9,255800.0,2072600.0,0.843,1.7645,0.9215,87.2,10,2016,2016-10-01,3.7,3.6166666666666667,1.877777777777778,1.3944444444444444,91.2,144967.0,98.0,4.933333333333334,251500.0,-3600.0,2109500.0,-62000.0,0.05396048225444582,0.10542501236054208,3.8000000000000003,-0.2999999999999998,3.609259259259259,0.016666666666666607,1.877777777777778,0.00555555555555598,1.401851851851852,-0.01666666666666683,12.45215116812688,13.080277777777779,1.589235205116581,0.0006760159208647476,145636.96401675633,0.0032785443610756637,1,0,2
187,2016-11-30,145183.0,4.7,245750.0,2044750.0,0.9795,2.1420000000000003,1.1625,93.8,11,2016,2016-11-01,4.0,3.594444444444444,1.8666666666666667,1.3888888888888888,87.2,145065.0,118.0,4.866666666666666,255800.0,-17750.0,2072600.0,-100250.0,0.10592073988051301,0.2652436738890296,3.8666666666666667,0.20000000000000018,3.6055555555555556,-0.011111111111111072,1.872222222222222,-0.016666666666666607,1.3962962962962961,-0.01666666666666683,12.412070038009412,12.920030864197528,1.547562508716013,0.0008134284631027278,145405.00648114082,-0.0015927105950164222,0,1,0
188,2016-12-31,145408.0,4.7,252200.0,2048400.0,1.1966666666666665,2.491904761904762,1.2952380952380953,98.2,12,2016,2016-12-01,3.9,3.611111111111111,1.872222222222222,1.3944444444444444,93.8,145183.0,225.0,4.766666666666667,245750.0,700.0,2044750.0,-61100.0,0.1783599928152645,0.36378960953762685,3.8666666666666667,0.0,3.6074074074074076,0.00555555555555598,1.8722222222222225,0.0,1.3925925925925924,-0.011111111111111294,12.437977702512956,13.040123456790123,1.547562508716013,0.0015497682235523502,145391.89095525775,-9.019996078862835e-05,0,0,1
189,2017-01-31,145628.0,4.7,244000.0,2081000.0,1.2065,2.4325,1.226,98.5,1,2017,2017-01-01,3.7,3.605555555555555,1.8944444444444444,1.422222222222222,98.2,145408.0,220.0,4.7,252200.0,-11800.0,2048400.0,8400.0,0.12831410389852987,0.1872398275565673,3.866666666666667,0.0,3.603703703703703,-0.011111111111111516,1.8777777777777775,0.016666666666666385,1.401851851851852,0.02777777777777768,12.404923504275338,13.000030864197528,1.547562508716013,0.0015129841549295087,146022.22883861637,0.004335440437682969,1,0,2
190,2017-02-28,145846.0,4.6,230250.0,2059750.0,1.2010526315789474,2.4189473684210525,1.2178947368421054,96.3,2,2017,2017-02-01,3.9,3.6,1.9055555555555557,1.3888888888888888,98.5,145628.0,218.0,4.666666666666666,244000.0,-15500.0,2081000.0,15000.0,0.004926204683615336,0.038805886201934627,3.8333333333333335,-0.10000000000000009,3.6055555555555556,0.00555555555555598,1.8907407407407408,0.03888888888888897,1.401851851851852,0.0,12.346920954117554,12.96,1.5260563034950492,0.0014969648693932136,146233.42180526702,0.0014463069652501659,1,0,2
191,2017-03-31,145970.0,4.4,233750.0,2017500.0,1.3130434782608695,2.4817391304347827,1.168695652173913,96.9,3,2017,2017-03-01,3.8,3.6333333333333333,1.8944444444444444,1.422222222222222,96.3,145846.0,124.0,4.566666666666666,230250.0,-18450.0,2059750.0,-30900.0,0.06314419519812027,0.03304282868583615,3.8000000000000003,-0.10000000000000009,3.6129629629629627,0.022222222222222143,1.8981481481481481,0.022222222222222365,1.4111111111111108,0.02777777777777768,12.362007447150933,13.20111111111111,1.4816045409242156,0.0008502118673121561,146599.1691577924,0.0025011201133791072,1,0,2
192,2017-04-30,146175.0,4.4,227800.0,1955400.0,1.2410526315789472,2.2973684210526315,1.0563157894736843,97.0,4,2017,2017-04-01,4.0,3.6,1.8944444444444444,1.4055555555555557,96.9,145970.0,205.0,4.466666666666667,233750.0,-16200.0,2017500.0,-125600.0,0.05675184541294735,0.09373438029699571,3.9000000000000004,0.2999999999999998,3.611111111111111,-0.005555555555555092,1.8981481481481481,0.0,1.4055555555555557,-0.016666666666666385,12.336223329995219,12.96,1.4816045409242156,0.001404398164006393,146615.2924877109,0.00010998240993531638,0,0,1
193,2017-05-31,146380.0,4.4,239000.0,1896250.0,1.3018181818181818,2.3036363636363637,1.0018181818181817,97.1,5,2017,2017-05-01,3.8,3.6166666666666667,1.877777777777778,1.4000000000000001,97.0,146175.0,205.0,4.4,227800.0,8750.0,1955400.0,-163500.0,0.03873228924772943,0.10468400158210499,3.8666666666666667,-0.10000000000000009,3.616666666666667,0.016666666666666607,1.8888888888888886,-0.02777777777777768,1.4092592592592592,0.011111111111111294,12.384218830913648,13.080277777777779,1.4816045409242156,0.0014024285958611493,146885.7539167319,0.0018447013570817017,1,0,2
194,2017-06-30,146583.0,4.3,248000.0,1916750.0,1.3422727272727273,2.186818181818182,0.8445454545454546,95.0,6,2017,2017-06-01,4.1,3.594444444444444,1.8888888888888888,1.4166666666666667,97.1,146380.0,203.0,4.366666666666667,239000.0,14250.0,1896250.0,-100750.0,0.050948552671958525,0.0657103874363628,3.9666666666666663,0.2999999999999998,3.603703703703703,-0.038888888888889195,1.887037037037037,-0.005555555555555536,1.4074074074074074,-0.005555555555555314,12.421184025147118,12.920030864197528,1.4586150226995167,0.0013868014756113212,146624.07258558643,-0.0017815296866284802,0,1,0
195,2017-07-31,146772.0,4.3,250800.0,1927200.0,1.3725,2.318,0.9455,93.4,7,2017,2017-07-01,4.1,3.6,1.872222222222222,1.4111111111111112,95.0,146583.0,189.0,4.333333333333333,248000.0,23000.0,1916750.0,-28200.0,0.03546401388751774,0.07195075986889557,4.0,0.09999999999999964,3.603703703703704,0.0,1.8796296296296295,-0.022222222222222365,1.4092592592592592,0.005555555555555536,12.432411087740903,12.96,1.4586150226995167,0.0012893718916928698,146704.60310636208,0.0005492312371055963,0,0,1
196,2017-08-31,146919.0,4.4,247750.0,1923500.0,1.335217391304348,2.2091304347826086,0.8739130434782609,96.8,8,2017,2017-08-01,4.1,3.605555555555555,1.8833333333333333,1.4055555555555557,93.4,146772.0,147.0,4.333333333333333,250800.0,8750.0,1927200.0,27250.0,0.019805128516970527,0.07018913529926166,4.1,0.2999999999999998,3.5999999999999996,-0.011111111111111516,1.8814814814814813,0.005555555555555314,1.4111111111111112,0.005555555555555536,12.420175452192234,13.000030864197528,1.4816045409242156,0.0010015534298095652,146912.87719997086,0.0014196834264141867,1,0,2
197,2017-09-30,147008.0,4.3,272400.0,1892800.0,1.3845,2.202,0.8175000000000001,95.1,9,2017,2017-09-01,4.1,3.605555555555555,1.872222222222222,1.4055555555555557,96.8,146919.0,89.0,4.333333333333333,247750.0,24400.0,1923500.0,-23950.0,0.02569944367470202,0.06501208263430903,4.1,0.0,3.603703703703703,0.011111111111111072,1.8759259259259258,-0.01666666666666683,1.4074074074074074,-0.011111111111111072,12.515026853257494,13.000030864197528,1.4586150226995167,0.0006057759717938982,146737.69756872594,-0.0011924048768473527,0,1,0
198,2017-10-31,147149.0,4.2,242250.0,1902750.0,1.5495238095238095,2.3600000000000003,0.8104761904761905,100.7,10,2017,2017-10-01,4.2,3.6166666666666667,1.877777777777778,1.3944444444444444,95.1,147008.0,141.0,4.3,272400.0,-8550.0,1892800.0,-24450.0,0.11224146153107131,0.08923421317798322,4.133333333333333,0.10000000000000053,3.609259259259259,0.016666666666666607,1.877777777777778,0.00555555555555598,1.401851851851852,-0.01666666666666683,12.397725529753012,13.080277777777779,1.4350845252893227,0.0009591314758381486,147129.73670468785,0.0026717002001364065,1,0,2
199,2017-11-30,147372.0,4.2,247750.0,1963500.0,1.6966666666666668,2.3533333333333335,0.6566666666666666,98.5,11,2017,2017-11-01,4.1,3.594444444444444,1.8666666666666667,1.3888888888888888,100.7,147149.0,223.0,4.233333333333333,242250.0,0.0,1902750.0,40000.0,0.1561686619736389,0.08935903444542459,4.133333333333334,0.0,3.6055555555555556,-0.011111111111111072,1.872222222222222,-0.016666666666666607,1.3962962962962961,-0.01666666666666683,12.420175452192234,12.920030864197528,1.4350845252893227,0.0015154707133586687,147304.94236196374,0.0011908242426039717,1,0,2
200,2017-12-31,147523.0,4.1,242600.0,1971000.0,1.844,2.4025,0.5585,95.9,12,2017,2017-12-01,4.1,3.611111111111111,1.872222222222222,1.3944444444444444,98.5,147372.0,151.0,4.166666666666667,247750.0,-29800.0,1963500.0,78200.0,0.1472381055053168,0.026671006590944648,4.133333333333334,0.0,3.6074074074074076,0.00555555555555598,1.8722222222222225,0.0,1.3925925925925924,-0.011111111111111294,12.399169275492087,13.040123456790123,1.410986973710262,0.0010246179735635685,147630.0747219717,0.0022072060502154045,1,0,2
201,2018-01-31,147660.0,4.0,235250.0,1979500.0,2.031904761904762,2.583809523809524,0.5519047619047619,95.7,1,2018,2018-01-01,4.3,3.605555555555555,1.8944444444444444,1.422222222222222,95.9,147523.0,137.0,4.1000000000000005,242600.0,-7000.0,1971000.0,76750.0,0.16802772150084003,0.12138765650554921,4.166666666666667,0.09999999999999964,3.603703703703703,-0.011111111111111516,1.8777777777777775,0.016666666666666385,1.401851851851852,0.02777777777777768,12.368404057447625,13.000030864197528,1.3862943611198906,0.0009286687499576729,147593.4789077313,-0.0002478886115130363,0,0,1
202,2018-02-28,148054.0,4.1,221000.0,1974250.0,2.1752631578947366,2.8589473684210525,0.6836842105263158,99.7,2,2018,2018-02-01,4.2,3.6,1.9055555555555557,1.3888888888888888,95.7,147660.0,394.0,4.066666666666666,235250.0,-26750.0,1979500.0,10750.0,0.1661300238898303,0.22982536018315844,4.2,0.10000000000000053,3.6055555555555556,0.00555555555555598,1.8907407407407408,0.03888888888888897,1.401851851851852,0.0,12.30591798049989,12.96,1.410986973710262,0.0026682920222131923,147908.39137475335,0.002133647565953245,1,0,2
203,2018-03-31,148280.0,4.0,225800.0,1945400.0,2.275714285714286,2.8423809523809522,0.5666666666666667,101.4,3,2018,2018-03-01,4.4,3.6333333333333333,1.8944444444444444,1.422222222222222,99.7,148054.0,226.0,4.033333333333332,221000.0,-16800.0,1974250.0,-25600.0,0.1225324057010893,0.15429110114285893,4.3,0.3000000000000007,3.6129629629629627,0.022222222222222143,1.8981481481481481,0.022222222222222365,1.4111111111111108,0.02777777777777768,12.327404930697698,13.20111111111111,1.3862943611198906,0.001526470071730568,147982.12553722964,0.0004985123683041159,0,0,1
204,2018-04-30,148420.0,4.0,221500.0,1877500.0,2.3842857142857143,2.869047619047619,0.4847619047619047,98.8,4,2018,2018-04-01,4.4,3.6,1.8944444444444444,1.4055555555555557,101.4,148280.0,140.0,4.033333333333332,225800.0,-13750.0,1945400.0,-102000.0,0.10453756363351738,0.013463359623685365,4.333333333333334,0.10000000000000053,3.6111111111111107,-0.005555555555555092,1.8981481481481481,0.0,1.4055555555555557,-0.016666666666666385,12.308177868467327,12.96,1.3862943611198906,0.0009441596978689848,148242.6711413151,0.001760655911243303,1,0,2
205,2018-05-31,148742.0,3.8,221250.0,1755500.0,2.5118181818181817,2.977727272727273,0.4659090909090909,98.0,5,2018,2018-05-01,4.5,3.6166666666666667,1.877777777777778,1.4000000000000001,98.8,148420.0,322.0,3.933333333333333,221500.0,250.0,1877500.0,-218750.0,0.1181787735682032,0.07169496108075483,4.433333333333334,0.2999999999999998,3.6166666666666667,0.016666666666666607,1.8888888888888886,-0.02777777777777768,1.4092592592592592,0.011111111111111294,12.307048562870175,13.080277777777779,1.33500106673234,0.0021695189327584075,148322.34673484345,0.0005374673359224147,0,0,1
206,2018-06-30,148960.0,4.0,222600.0,1679400.0,2.5333333333333337,2.9123809523809525,0.379047619047619,98.2,6,2018,2018-06-01,4.6,3.594444444444444,1.8888888888888888,1.4166666666666667,98.0,148742.0,218.0,3.933333333333333,221250.0,-3200.0,1755500.0,-266000.0,0.08056325130346316,0.0547101247247827,4.5,0.1999999999999993,3.603703703703704,-0.038888888888889195,1.887037037037037,-0.005555555555555536,1.4074074074074074,-0.005555555555555314,12.313131717823582,12.920030864197528,1.3862943611198906,0.0014656250420190808,148344.84019667775,0.0001516525481795039,0,0,1
207,2018-07-31,149020.0,3.8,209500.0,1654000.0,2.606666666666667,2.889047619047619,0.28238095238095234,97.9,7,2018,2018-07-01,4.6,3.6,1.872222222222222,1.4111111111111112,98.2,148960.0,60.0,3.866666666666666,222600.0,-12000.0,1679400.0,-223500.0,0.04972744815601439,0.045968588920203994,4.566666666666666,0.1999999999999993,3.603703703703703,0.0,1.8796296296296295,-0.022222222222222365,1.4092592592592592,0.005555555555555536,12.25247901834433,12.96,1.33500106673234,0.0004027926960257222,148921.01435634878,0.003884018877280404,1,0,2
208,2018-08-31,149277.0,3.8,208500.0,1614000.0,2.6356521739130434,2.889130434782609,0.2534782608695652,96.2,8,2018,2018-08-01,4.6,3.605555555555555,1.8833333333333333,1.4055555555555557,97.9,149020.0,257.0,3.866666666666666,209500.0,-12750.0,1654000.0,-141500.0,0.05273689812927605,0.013447663188433451,4.6,0.09999999999999964,3.5999999999999996,-0.011111111111111516,1.8814814814814813,0.005555555555555314,1.4111111111111112,0.005555555555555536,12.247694320220994,13.000030864197528,1.33500106673234,0.0017246007247349038,148994.4903928257,0.0004933893097256448,0,0,1
209,2018-09-30,149358.0,3.7,205200.0,1551000.0,2.7678947368421056,3.004210526315789,0.23631578947368423,100.1,9,2018,2018-09-01,4.7,3.605555555555555,1.872222222222222,1.4055555555555557,96.2,149277.0,81.0,3.766666666666666,208500.0,-17400.0,1614000.0,-128400.0,0.0859483814982117,0.06646544156688365,4.633333333333333,0.10000000000000053,3.603703703703703,0.011111111111111072,1.8759259259259258,-0.01666666666666683,1.4074074074074074,-0.011111111111111072,12.231740392278752,13.000030864197528,1.308332819650179,0.0005426154062582178,149167.96983364044,0.0011643346029597268,1,0,2
210,2018-10-31,149527.0,3.8,213000.0,1592750.0,2.860909090909091,3.152272727272727,0.2913636363636364,98.6,10,2018,2018-10-01,4.7,3.6166666666666667,1.877777777777778,1.3944444444444444,100.1,149358.0,169.0,3.766666666666666,205200.0,3500.0,1551000.0,-61250.0,0.11319632220704494,0.13191519303221,4.666666666666667,0.10000000000000053,3.609259259259259,0.016666666666666607,1.877777777777778,0.00555555555555598,1.401851851851852,-0.01666666666666683,12.269047444691562,13.080277777777779,1.33500106673234,0.00113150952744423,148961.6903327734,-0.0013828672542576248,0,1,0
211,2018-11-30,149617.0,3.8,225250.0,1685000.0,2.859,3.117,0.258,97.5,11,2018,2018-11-01,4.8,3.594444444444444,1.8666666666666667,1.3888888888888888,98.6,149527.0,90.0,3.766666666666666,213000.0,16750.0,1592750.0,71000.0,0.05315932603310138,0.0773391298280186,4.733333333333333,0.20000000000000018,3.6055555555555556,-0.011111111111111072,1.872222222222222,-0.016666666666666607,1.3962962962962961,-0.01666666666666683,12.324966175470584,12.920030864197528,1.33500106673234,0.0006018979849793382,148771.0884183749,-0.00127953646318546,0,1,0
212,2018-12-31,149809.0,3.9,224600.0,1749600.0,2.6763157894736844,2.8326315789473684,0.1563157894736842,98.3,12,2018,2018-12-01,4.8,3.611111111111111,1.872222222222222,1.3944444444444444,97.5,149617.0,192.0,3.8333333333333326,225250.0,19400.0,1685000.0,198600.0,0.10602818205445881,0.1752522124843108,4.766666666666667,0.09999999999999964,3.6074074074074076,0.00555555555555598,1.8722222222222225,0.0,1.3925925925925924,-0.011111111111111294,12.32207632128648,13.040123456790123,1.3609765531356006,0.0012832766330028722,148927.1363949178,0.0010489133218147817,1,0,2
213,2019-02-28,150067.0,3.8,222500.0,1801500.0,2.504210526315789,2.6763157894736844,0.17210526315789473,93.8,2,2019,2019-02-01,4.5,3.775,2.3125,1.1125,98.3,149809.0,258.0,3.8333333333333326,224600.0,9500.0,1749600.0,208750.0,0.17742102140553054,0.22342135019503903,4.7,-0.20000000000000018,3.6601851851851848,0.15833333333333321,2.0171296296296295,0.434722222222222,1.298611111111111,-0.28194444444444433,12.312682380588432,14.250625,1.33500106673234,0.001722192925658561,149711.73998506772,0.005268372233179441,1,0,2
214,2019-03-31,150295.0,3.8,211800.0,1780200.0,2.4095238095238094,2.570952380952381,0.16142857142857142,98.4,3,2019,2019-03-01,4.6,3.7625,2.2875,2.0,93.8,150067.0,228.0,3.8333333333333326,222500.0,-13450.0,1801500.0,95200.0,0.13525516410915836,0.13166376150204215,4.633333333333334,-0.20000000000000018,3.716203703703704,0.16805555555555607,2.1574074074074074,0.4208333333333334,1.5023148148148149,0.6111111111111112,12.263397712149443,14.156406250000002,1.33500106673234,0.0015193213697881625,150044.42642301868,0.002222180023985665,1,0,2
215,2019-04-30,150591.0,3.7,209750.0,1666500.0,2.344761904761905,2.532380952380952,0.18761904761904763,97.2,4,2019,2019-04-01,4.6,3.6875,2.2375,1.8125,98.4,150295.0,296.0,3.766666666666666,211800.0,-14850.0,1780200.0,-83100.0,0.08019096121215595,0.0745055258421251,4.566666666666666,-0.20000000000000018,3.7416666666666667,0.07638888888888884,2.2791666666666663,0.3652777777777778,1.6416666666666666,0.4180555555555556,12.253671624329453,13.59765625,1.308332819650179,0.0019694600618782587,150360.57021887152,0.0021070012621564604,1,0,2
216,2019-05-31,150618.0,3.6,218500.0,1628000.0,2.2063636363636365,2.395,0.18863636363636366,100.0,5,2019,2019-05-01,4.6,4.142857142857143,2.314285714285714,1.1285714285714286,97.2,150591.0,27.0,3.6999999999999997,209750.0,-4000.0,1666500.0,-173500.0,0.10378040997109585,0.09248470282686289,4.6,0.09999999999999964,3.8642857142857143,0.3678571428571433,2.2797619047619047,0.0017857142857140573,1.6470238095238094,0.016071428571428514,12.294541293517781,17.16326530612245,1.2809338454620642,0.00017929358328183653,150682.09014541967,0.0021383260656708813,1,0,2
217,2019-06-30,150838.0,3.6,225200.0,1631000.0,1.814,2.074,0.26,98.2,6,2019,2019-06-01,4.6,4.071428571428571,2.3285714285714287,1.1285714285714286,100.0,150618.0,220.0,3.633333333333333,218500.0,13400.0,1628000.0,-149200.0,0.27532147978400895,0.23524016932440642,4.6,0.0,3.967261904761905,0.308928571428571,2.293452380952381,0.04107142857142865,1.3565476190476191,-0.8714285714285714,12.324744175247673,16.576530612244895,1.2809338454620642,0.0014606487936368318,150719.67304483865,0.0002494184901649099,0,0,1
218,2019-07-31,150937.0,3.7,208500.0,1631000.0,1.8350000000000002,2.059090909090909,0.2240909090909091,98.4,7,2019,2019-07-01,4.5,3.9285714285714284,2.342857142857143,1.1142857142857143,98.2,150838.0,99.0,3.6333333333333333,225200.0,-1250.0,1631000.0,-35500.0,0.22071896669514793,0.18977978393697553,4.566666666666666,-0.09999999999999964,4.047619047619048,0.24107142857142838,2.3285714285714287,0.10535714285714315,1.1238095238095238,-0.6982142857142857,12.247694320220994,15.433673469387754,1.308332819650179,0.0006563332847160375,151264.2249074509,0.0036130111724050895,1,0,2
219,2019-08-31,151169.0,3.6,211000.0,1619600.0,1.5713636363636363,1.6263636363636365,0.055,89.8,8,2019,2019-08-01,4.5,3.8428571428571425,2.342857142857143,1.0857142857142856,98.4,150937.0,232.0,3.633333333333333,208500.0,-7500.0,1631000.0,-8400.0,0.1465250474550422,0.2542483980949814,4.533333333333333,-0.09999999999999964,3.9476190476190474,-0.3000000000000007,2.3380952380952382,0.028571428571428914,1.1095238095238094,-0.04285714285714293,12.259613412458204,14.767551020408161,1.2809338454620642,0.0015370651331350071,151556.98484026405,0.0019354208372288628,1,0,2
220,2019-09-30,151365.0,3.5,209500.0,1581000.0,1.6480000000000001,1.6995,0.051500000000000004,93.2,9,2019,2019-09-01,4.5,3.857142857142857,2.3285714285714287,1.0714285714285714,89.8,151169.0,196.0,3.6,211000.0,-15700.0,1619600.0,-50000.0,0.13561358367493,0.2316273739394942,4.5,-0.09999999999999964,3.876190476190476,-0.21428571428571397,2.3380952380952382,0.0,1.0904761904761904,-0.05714285714285716,12.25247901834433,14.877551020408164,1.252762968495368,0.0012965621258327342,151835.5963561816,0.001838328442672621,1,0,2
221,2019-10-31,151460.0,3.6,212250.0,1618500.0,1.5513636363636365,1.7068181818181818,0.15545454545454546,95.5,10,2019,2019-10-01,4.6,3.8428571428571425,2.314285714285714,1.0714285714285714,93.2,151365.0,95.0,3.5666666666666664,209500.0,3750.0,1581000.0,-12500.0,0.05100934392899888,0.04448860782126788,4.533333333333333,0.09999999999999964,3.847619047619047,-0.08571428571428585,2.3285714285714287,-0.028571428571428914,1.0761904761904761,-0.04285714285714293,12.265520104173595,14.767551020408161,1.2809338454620642,0.000627621973375625,151745.75958552718,-0.0005916713393325779,0,0,1
222,2019-11-30,151667.0,3.6,224400.0,1685200.0,1.6126315789473684,1.8121052631578947,0.19947368421052633,96.8,11,2019,2019-11-01,4.3,3.8,2.3285714285714287,1.1142857142857143,95.5,151460.0,207.0,3.5666666666666664,212250.0,13400.0,1618500.0,65600.0,0.04889320466280833,0.0630064422273557,4.466666666666666,-0.20000000000000018,3.8333333333333335,-0.042857142857142705,2.323809523809524,-0.014285714285714235,1.0857142857142856,0.028571428571428692,12.321185452630678,14.44,1.2809338454620642,0.001366697477881873,151969.1851151226,0.0014723675324150864,1,0,2
223,2019-12-31,151794.0,3.6,236000.0,1769500.0,1.6133333333333335,1.8628571428571428,0.24952380952380954,99.3,12,2019,2019-12-01,4.2,3.7857142857142856,2.342857142857143,1.1142857142857143,96.8,151667.0,127.0,3.6,224400.0,26500.0,1685200.0,188500.0,0.03557737246789162,0.07959195955207865,4.366666666666666,-0.2999999999999998,3.809523809523809,-0.07142857142857162,2.3285714285714287,0.014285714285714235,1.0999999999999999,0.04285714285714293,12.371587084007746,14.331632653061224,1.2809338454620642,0.0008373607970091346,152070.0654651329,0.0006638210893472607,0,0,1
224,2020-01-31,152031.0,3.6,215500.0,1800250.0,1.5190476190476192,1.7576190476190479,0.23857142857142857,99.8,1,2020,2020-01-01,4.5,3.7857142857142856,2.3,1.0571428571428572,99.3,151794.0,237.0,3.6,236000.0,3250.0,1769500.0,181750.0,0.0542344385180988,0.05263008909038785,4.333333333333333,-0.09999999999999964,3.79047619047619,-0.05714285714285694,2.323809523809524,-0.014285714285714235,1.0952380952380953,-0.014285714285714235,12.28071618852594,14.331632653061224,1.2809338454620642,0.0015613265346456906,152175.88716482907,0.0006958746244534186,0,0,1
225,2020-02-29,152293.0,3.5,210200.0,1770200.0,1.3310526315789473,1.5042105263157897,0.1731578947368421,101.0,2,2020,2020-02-01,4.4,3.775,2.3125,1.1125,99.8,152031.0,262.0,3.5666666666666664,215500.0,-14200.0,1800250.0,85000.0,0.14370937444184761,0.18435397605100307,4.366666666666666,0.10000000000000053,3.782142857142857,-0.02499999999999991,2.318452380952381,-0.016071428571428736,1.0946428571428573,-0.0017857142857142794,12.255814737424988,14.250625,1.252762968495368,0.0017233327413488375,152807.6497665632,0.004151528954451589,1,0,2
226,2020-03-31,150895.0,4.4,2335250.0,3709750.0,0.4481818181818182,0.87,0.42181818181818187,89.1,3,2020,2020-03-01,3.8,3.7625,2.2875,2.0,101.0,152293.0,-1398.0,3.8333333333333335,210200.0,2099250.0,1770200.0,1940250.0,0.5717745114882795,0.4572210340843313,4.233333333333333,-0.40000000000000036,3.774404761904762,-0.02321428571428541,2.3000000000000003,-0.05535714285714288,1.3898809523809523,0.8857142857142857,14.663629509735095,14.156406250000002,1.4816045409242156,-0.009179673392736398,144168.51746402885,-0.0565359935561599,0,1,0
227,2020-04-30,130426.0,14.8,4663250.0,17032000.0,0.2247619047619048,0.6576190476190477,0.43285714285714283,71.8,4,2020,2020-04-01,3.4,3.6875,2.2375,1.8125,89.1,150895.0,-20469.0,7.566666666666666,2335250.0,4447750.0,3709750.0,15231750.0,0.5849866812020345,0.44046297468795886,3.8666666666666667,-1.1,3.7416666666666667,-0.09821428571428559,2.279166666666667,-0.0625,1.6416666666666666,0.7553571428571428,15.355223187906809,13.59765625,2.6946271807700692,-0.1356506179793896,137716.2544044561,-0.04475500735576787,0,1,0
228,2020-05-31,133040.0,13.2,2173400.0,20326400.0,0.1705,0.674,0.5035000000000001,72.3,5,2020,2020-05-01,4.0,4.142857142857143,2.314285714285714,1.1285714285714286,71.8,130426.0,2614.0,10.799999999999999,4663250.0,1963200.0,17032000.0,18556200.0,0.14717789925228938,0.11817360431092383,3.733333333333333,-0.40000000000000036,3.8642857142857143,0.3678571428571433,2.2797619047619047,0.0017857142857140573,1.6470238095238094,0.016071428571428514,14.591803319610888,17.16326530612245,2.580216829592325,0.020042016162421517,121842.89649891562,-0.11526132462855343,0,1,0
229,2020-06-30,137671.0,11.0,1490250.0,17678500.0,0.18500000000000003,0.7286363636363636,0.5436363636363637,78.1,6,2020,2020-06-01,4.3,4.071428571428571,2.3285714285714287,1.1285714285714286,72.3,133040.0,4631.0,13.0,2173400.0,-845000.0,20326400.0,13968750.0,0.02809392988671746,0.03718630349666412,3.9,0.5,3.967261904761905,0.308928571428571,2.293452380952381,0.04107142857142865,1.3565476190476191,-0.8714285714285714,14.214454449082172,16.576530612244895,2.3978952727983707,0.034809079975947066,125685.9656956203,0.03154118382879112,1,0,2
230,2020-07-31,139255.0,10.2,1383500.0,16563000.0,0.1481818181818182,0.6236363636363637,0.4754545454545455,72.5,7,2020,2020-07-01,4.5,3.9285714285714284,2.342857142857143,1.1142857142857143,78.1,137671.0,1584.0,11.466666666666663,1490250.0,-3279750.0,17678500.0,-469000.0,0.01854692136295201,0.05251448704728082,4.266666666666667,1.1,4.047619047619048,0.24107142857142838,2.3285714285714287,0.10535714285714315,1.1238095238095238,-0.6982142857142857,14.140127078209117,15.433673469387754,2.322387720290225,0.011505691104154003,130080.93452468811,0.034967856631752614,1,0,2
231,2020-08-31,140821.0,8.4,922400.0,14013400.0,0.13952380952380952,0.65,0.5104761904761905,74.1,8,2020,2020-08-01,4.4,3.8428571428571425,2.342857142857143,1.0857142857142856,72.5,139255.0,1566.0,9.866666666666667,1383500.0,-1251000.0,16563000.0,-6313000.0,0.024147544825996552,0.05462557247316337,4.3999999999999995,0.40000000000000036,3.9476190476190474,-0.3000000000000007,2.3380952380952382,0.028571428571428914,1.1095238095238094,-0.04285714285714293,13.734734247936986,14.767551020408161,2.128231705849268,0.011245556712505822,133695.63715615578,0.027788104726305107,1,0,2
232,2020-09-30,141770.0,7.8,851750.0,11824250.0,0.13476190476190478,0.6795238095238095,0.5447619047619048,80.4,9,2020,2020-09-01,4.4,3.857142857142857,2.3285714285714287,1.0714285714285714,74.1,140821.0,949.0,8.799999999999999,922400.0,-638500.0,14013400.0,-5854250.0,0.0068035643511048195,0.02795861005961808,4.433333333333334,0.10000000000000053,3.876190476190476,-0.21428571428571397,2.3380952380952382,0.0,1.0904761904761904,-0.05714285714285716,13.655048335523214,14.877551020408164,2.0541237336955462,0.006739051703936294,135594.39768418745,0.014202112861872562,1,0,2
233,2020-10-31,142460.0,6.9,795400.0,7871400.0,0.14952380952380953,0.7871428571428571,0.6376190476190476,81.8,10,2020,2020-10-01,4.6,3.8428571428571425,2.314285714285714,1.0714285714285714,80.4,141770.0,690.0,7.699999999999999,851750.0,-588100.0,11824250.0,-8691600.0,0.007534250342681176,0.07218226698711648,4.466666666666667,0.09999999999999964,3.847619047619047,-0.08571428571428585,2.3285714285714287,-0.028571428571428914,1.0761904761904761,-0.04285714285714293,13.586600411755727,14.767551020408161,1.9315214116032138,0.004867038160400572,136706.1658834009,0.008199219276026959,1,0,2
234,2020-11-30,142733.0,6.7,751250.0,5948250.0,0.16578947368421051,0.8700000000000001,0.7042105263157895,76.9,11,2020,2020-11-01,4.6,3.8,2.3285714285714287,1.1142857142857143,81.8,142460.0,273.0,7.133333333333333,795400.0,-171150.0,7871400.0,-8065150.0,0.015519856615546413,0.09550597247560319,4.533333333333333,0.1999999999999993,3.8333333333333335,-0.042857142857142705,2.323809523809524,-0.014285714285714235,1.0857142857142856,0.028571428571428692,13.529493764831555,14.44,1.9021075263969205,0.0019163273901445788,137580.0542939655,0.0063924579035443685,1,0,2
235,2020-12-31,142548.0,6.7,836750.0,5384500.0,0.13590909090909092,0.9336363636363636,0.7977272727272727,80.7,12,2020,2020-12-01,4.5,3.7857142857142856,2.342857142857143,1.1142857142857143,76.9,142733.0,-185.0,6.766666666666666,751250.0,-15000.0,5948250.0,-6439750.0,0.014959777563633491,0.07345660889706128,4.566666666666666,0.09999999999999964,3.809523809523809,-0.07142857142857162,2.3285714285714287,0.014285714285714235,1.0999999999999999,0.04285714285714293,13.637280619073573,14.331632653061224,1.9021075263969205,-0.0012961263337840645,137510.71356499378,-0.0005040027737128749,0,0,1
236,2021-01-31,142863.0,6.4,827800.0,4944600.0,0.1310526315789474,1.0810526315789473,0.9500000000000001,79.0,1,2021,2021-01-01,4.8,3.7857142857142856,2.3,1.0571428571428572,80.7,142548.0,315.0,6.6000000000000005,836750.0,32400.0,5384500.0,-2926800.0,0.018810771168203105,0.10826230193935066,4.633333333333333,0.20000000000000018,3.79047619047619,-0.05714285714285694,2.323809523809524,-0.014285714285714235,1.0952380952380953,-0.014285714285714235,13.626526858296769,14.331632653061224,1.8562979903656263,0.0022097819681792252,137028.03261931482,-0.0035101333791772715,0,1,0
237,2021-02-28,143380.0,6.2,755000.0,4431750.0,0.11526315789473685,1.2578947368421052,1.1426315789473684,76.8,2,2021,2021-02-01,5.2,3.775,2.3125,1.1125,79.0,142863.0,517.0,6.433333333333333,827800.0,3750.0,4944600.0,-1516500.0,0.010794653203319604,0.16235156237926293,4.833333333333333,0.6000000000000005,3.782142857142857,-0.02499999999999991,2.318452380952381,-0.016071428571428736,1.0946428571428573,-0.0017857142857142794,13.534473028231162,14.250625,1.824549292051046,0.003618851627083197,137123.72074152244,0.0006983105600986139,0,0,1
238,2021-03-31,144232.0,6.1,669250.0,3975250.0,0.14695652173913046,1.6108695652173912,1.463913043478261,84.9,3,2021,2021-03-01,5.6,3.7625,2.2875,2.0,76.8,143380.0,852.0,6.233333333333333,755000.0,-167500.0,4431750.0,-1409250.0,0.01584671634451561,0.2697438114305194,5.2,1.0999999999999996,3.774404761904762,-0.02321428571428541,2.3,-0.05535714285714288,1.3898809523809523,0.8857142857142857,13.413912961382598,14.156406250000002,1.8082887711792655,0.005942251360022244,137392.53749743896,0.0019603957248450765,1,0,2
239,2021-04-30,144587.0,6.1,589000.0,3788000.0,0.16318181818181818,1.635,1.471818181818182,88.3,4,2021,2021-04-01,6.1,3.6875,2.2375,1.8125,84.9,144232.0,355.0,6.133333333333333,669250.0,-238800.0,3975250.0,-1156600.0,0.024371867526347697,0.21110103696674787,5.633333333333333,1.2999999999999998,3.7416666666666667,-0.09821428571428559,2.2791666666666663,-0.0625,1.6416666666666666,0.7553571428571428,13.286181462633724,13.59765625,1.8082887711792655,0.0024613123301346906,137949.2526545798,0.004052004332121717,1,0,2
240,2021-05-31,145065.0,5.8,469200.0,3621600.0,0.155,1.621,1.466,82.9,5,2021,2021-05-01,6.4,4.142857142857143,2.314285714285714,1.1285714285714286,88.3,144587.0,478.0,5.999999999999999,589000.0,-285800.0,3788000.0,-810150.0,0.008112746515433802,0.01211681745588766,6.033333333333334,1.2000000000000002,3.8642857142857143,0.3678571428571433,2.2797619047619047,0.0017857142857140573,1.6470238095238094,0.016071428571428514,13.058784395761457,17.16326530612245,1.7578579175523736,0.0033059680330873586,138963.54771611307,0.007352668042885702,1,0,2
241,2021-06-30,145820.0,5.9,409500.0,3298500.0,0.20272727272727273,1.5190909090909093,1.3163636363636364,85.5,6,2021,2021-06-01,6.6,4.071428571428571,2.3285714285714287,1.1285714285714286,82.9,145065.0,755.0,5.933333333333333,469200.0,-259750.0,3621600.0,-676750.0,0.025523445712211497,0.06326713228467878,6.366666666666667,1.0,3.967261904761905,0.308928571428571,2.293452380952381,0.04107142857142865,1.3565476190476191,-0.8714285714285714,12.922692182275261,16.576530612244895,1.7749523509116738,0.005204563471547186,139638.76680075016,0.004858965503791612,1,0,2
242,2021-07-31,146762.0,5.4,370000.0,3006800.0,0.21952380952380954,1.3185714285714287,1.099047619047619,81.2,7,2021,2021-07-01,7.0,3.9285714285714284,2.342857142857143,1.1142857142857143,85.5,145820.0,942.0,5.699999999999999,409500.0,-219000.0,3298500.0,-781200.0,0.03347471236122326,0.15387038143294393,6.666666666666667,0.9000000000000004,4.047619047619048,0.24107142857142838,2.3285714285714287,0.10535714285714315,1.1238095238095238,-0.6982142857142857,12.821258284620408,15.433673469387754,1.6863989535702288,0.006460019201755651,140458.56182495962,0.005870826869870616,1,0,2
243,2021-08-31,147314.0,5.1,359750.0,2782500.0,0.21727272727272728,1.2831818181818182,1.0659090909090911,70.3,8,2021,2021-08-01,6.9,3.8428571428571425,2.342857142857143,1.0857142857142856,81.2,146762.0,552.0,5.466666666666666,370000.0,-109450.0,3006800.0,-839100.0,0.00911739425298008,0.12722263017034033,6.833333333333333,0.5,3.9476190476190474,-0.3000000000000007,2.3380952380952382,0.028571428571428914,1.1095238095238094,-0.04285714285714293,12.793164624749615,14.767551020408161,1.62924053973028,0.0037611915891033743,141699.555591722,0.008835301676439755,1,0,2
244,2021-09-30,147771.0,4.7,354750.0,2722250.0,0.24095238095238097,1.3747619047619049,1.1338095238095238,72.8,9,2021,2021-09-01,6.8,3.857142857142857,2.3285714285714287,1.0714285714285714,70.3,147314.0,457.0,5.066666666666666,359750.0,-54750.0,2782500.0,-576250.0,0.013070176250734273,0.04618207876786381,6.8999999999999995,0.20000000000000018,3.876190476190476,-0.21428571428571397,2.3380952380952382,0.0,1.0904761904761904,-0.05714285714285716,12.77916859502229,14.877551020408164,1.547562508716013,0.0031022170330043952,142558.95131937877,0.006064914770325336,1,0,2
245,2021-10-31,148572.0,4.5,284400.0,2357800.0,0.39249999999999996,1.5825,1.19,71.7,10,2021,2021-10-01,7.0,3.8428571428571425,2.314285714285714,1.0714285714285714,72.8,147771.0,801.0,4.766666666666666,354750.0,-85600.0,2722250.0,-649000.0,0.09507190607203485,0.15336959848569587,6.8999999999999995,0.0,3.847619047619047,-0.08571428571428585,2.3285714285714287,-0.028571428571428914,1.0761904761904761,-0.04285714285714293,12.558136976911223,14.767551020408161,1.5040773967762742,0.005420549363542193,143574.22064375546,0.007121750791377224,1,0,2
246,2021-11-30,149230.0,4.1,236500.0,1920250.0,0.508,1.5595,1.0515,67.4,11,2021,2021-11-01,7.0,3.8,2.3285714285714287,1.1142857142857143,71.7,148572.0,658.0,4.433333333333333,284400.0,-123250.0,2357800.0,-862250.0,0.13392868853621992,0.11388025878470177,6.933333333333334,0.09999999999999964,3.8333333333333335,-0.042857142857142705,2.323809523809524,-0.014285714285714235,1.0857142857142856,0.028571428571428692,12.373703486914124,14.44,1.410986973710262,0.004428829119887956,145256.2546690318,0.011715432044377305,1,0,2
247,2021-12-31,149816.0,3.9,216250.0,1716250.0,0.68,1.4649999999999999,0.785,70.6,12,2021,2021-12-01,7.1,3.7857142857142856,2.342857142857143,1.1142857142857143,67.4,149230.0,586.0,4.166666666666666,236500.0,-138500.0,1920250.0,-1006000.0,0.1446723309184013,0.062270244365283715,7.033333333333332,0.2999999999999998,3.809523809523809,-0.07142857142857162,2.3285714285714287,0.014285714285714235,1.0999999999999999,0.04285714285714293,12.284190424794126,14.331632653061224,1.3609765531356006,0.0039268243650740775,146229.12028700687,0.006697581595999091,1,0,2
248,2022-01-31,150006.0,4.0,239200.0,1703000.0,0.9804999999999999,1.764,0.7835,67.2,1,2022,2022-01-01,7.0,3.7857142857142856,2.3,1.0571428571428572,70.6,149816.0,190.0,3.9999999999999996,216250.0,-45200.0,1716250.0,-654800.0,0.2391444821302847,0.152835150843359,7.033333333333332,0.0,3.79047619047619,-0.05714285714285694,2.323809523809524,-0.014285714285714235,1.0952380952380953,-0.014285714285714235,12.385055301058614,14.331632653061224,1.3862943611198906,0.0012682223527527015,146299.29927666034,0.00047992485707171184,0,0,1
249,2022-02-28,150825.0,3.9,219000.0,1634000.0,1.4352631578947368,1.9342105263157894,0.49894736842105264,62.8,2,2022,2022-02-01,7.2,3.775,2.3125,1.1125,67.2,150006.0,819.0,3.9333333333333322,239200.0,-17500.0,1703000.0,-286250.0,0.38024821223592087,0.2375328543149747,7.099999999999999,0.20000000000000018,3.782142857142857,-0.02499999999999991,2.318452380952381,-0.016071428571428736,1.0946428571428573,-0.0017857142857142794,12.296827008798639,14.250625,1.3609765531356006,0.005459781608735614,146527.47798199713,0.0015596705279175005,1,0,2
250,2022-03-31,151315.0,3.7,215000.0,1543500.0,1.9095652173913045,2.1278260869565218,0.21826086956521737,59.4,3,2022,2022-03-01,7.5,3.7625,2.2875,2.0,62.8,150825.0,490.0,3.866666666666666,219000.0,-1250.0,1634000.0,-172750.0,0.46456685051554103,0.18203847127319756,7.233333333333334,0.40000000000000036,3.774404761904762,-0.02321428571428541,2.3000000000000003,-0.05535714285714288,1.3898809523809523,0.8857142857142857,12.2783933071098,14.156406250000002,1.308332819650179,0.0032487982761477685,146971.8869402351,0.0030329393800974103,1,0,2
251,2022-04-30,151623.0,3.7,213000.0,1432400.0,2.538,2.7475,0.20950000000000002,65.2,4,2022,2022-04-01,7.3,3.6875,2.2375,1.8125,59.4,151315.0,308.0,3.7666666666666657,215000.0,-26200.0,1543500.0,-270600.0,0.5531608058198408,0.42483771643500656,7.333333333333333,0.2999999999999998,3.7416666666666667,-0.09821428571428559,2.279166666666667,-0.0625,1.6416666666666666,0.7553571428571428,12.269047444691562,13.59765625,1.308332819650179,0.00203548888081162,147430.11899429266,0.003117821126185083,1,0,2
252,2022-05-31,151924.0,3.6,209750.0,1367000.0,2.6166666666666667,2.8980952380952383,0.2814285714285714,58.4,5,2022,2022-05-01,7.1,4.142857142857143,2.314285714285714,1.1285714285714286,65.2,151623.0,301.0,3.666666666666666,213000.0,-9250.0,1432400.0,-267000.0,0.38753734873865303,0.40824609600897743,7.3,-0.10000000000000053,3.8642857142857143,0.3678571428571433,2.2797619047619047,0.0017857142857140573,1.6470238095238094,0.016071428571428514,12.253671624329453,17.16326530612245,1.2809338454620642,0.001985186943933348,148125.36644277617,0.004715776214698986,1,0,2
253,2022-06-30,152358.0,3.6,212500.0,1365250.0,2.998095238095238,3.1433333333333335,0.14523809523809525,50.0,6,2022,2022-06-01,6.9,4.071428571428571,2.3285714285714287,1.1285714285714286,58.4,151924.0,434.0,3.633333333333333,209750.0,-2500.0,1367000.0,-178250.0,0.24609071080412925,0.1997935087661948,7.1000000000000005,-0.5999999999999996,3.967261904761905,0.308928571428571,2.293452380952381,0.04107142857142865,1.3565476190476191,-0.8714285714285714,12.266697267346608,16.576530612244895,1.2809338454620642,0.0028566915036465357,148494.51092980136,0.0024921085151732303,1,0,2
254,2022-07-31,153072.0,3.5,218200.0,1392600.0,3.036,2.896,-0.13999999999999999,51.5,7,2022,2022-07-01,7.0,3.9285714285714284,2.342857142857143,1.1142857142857143,50.0,152358.0,714.0,3.5666666666666664,212500.0,5200.0,1365250.0,-39800.0,0.23193568451966193,0.14219698259595193,7.0,-0.2999999999999998,4.047619047619048,0.24107142857142838,2.3285714285714287,0.10535714285714315,1.1238095238095238,-0.6982142857142857,12.293167352381108,15.433673469387754,1.252762968495368,0.004686330878588496,148802.46450638608,0.002073838114664772,1,0,2
255,2022-08-31,153362.0,3.6,216500.0,1417250.0,3.25,2.8978260869565218,-0.3521739130434782,58.2,8,2022,2022-08-01,6.2,3.8428571428571425,2.342857142857143,1.0857142857142856,51.5,153072.0,290.0,3.5666666666666664,218200.0,6750.0,1392600.0,50250.0,0.1358238933603763,0.14227375044538448,6.7,-0.8999999999999995,3.9476190476190474,-0.3000000000000007,2.3380952380952382,0.028571428571428914,1.1095238095238094,-0.04285714285714293,12.285345826424681,14.767551020408161,1.2809338454620642,0.001894533291523004,150479.4132120988,0.01126962991692082,1,0,2
256,2022-09-30,153582.0,3.5,197500.0,1394500.0,3.8566666666666665,3.5190476190476194,-0.3376190476190476,58.6,9,2022,2022-09-01,6.6,3.857142857142857,2.3285714285714287,1.0714285714285714,58.2,153362.0,220.0,3.5333333333333328,216500.0,-15000.0,1417250.0,29250.0,0.4257022085570855,0.35919072513266814,6.599999999999999,-0.3000000000000007,3.876190476190476,-0.21428571428571397,2.3380952380952382,0.0,1.0904761904761904,-0.05714285714285716,12.193493863323313,14.877551020408164,1.252762968495368,0.0014345144168699253,150346.8325067295,-0.0008810554383437141,0,0,1
257,2022-10-31,153939.0,3.6,202600.0,1411400.0,4.375,3.9835000000000003,-0.3915,59.9,10,2022,2022-10-01,6.4,3.8428571428571425,2.314285714285714,1.0714285714285714,58.6,153582.0,357.0,3.5666666666666664,197500.0,-15600.0,1394500.0,18800.0,0.5630776868971882,0.5447201195061847,6.3999999999999995,-0.5999999999999996,3.847619047619047,-0.08571428571428585,2.3285714285714287,-0.028571428571428914,1.0761904761904761,-0.04285714285714293,12.21898887079672,14.767551020408161,1.2809338454620642,0.002324491151306729,150434.1325274384,0.0005806575320101981,0,0,1
258,2022-11-30,154242.0,3.6,210750.0,1458000.0,4.5035,3.8909999999999996,-0.6125,56.7,11,2022,2022-11-01,6.4,3.8,2.3285714285714287,1.1142857142857143,59.9,153939.0,303.0,3.5666666666666664,202600.0,-5750.0,1411400.0,40750.0,0.34243613895040687,0.24583898452320177,6.466666666666666,0.20000000000000018,3.8333333333333335,-0.042857142857142705,2.323809523809524,-0.014285714285714235,1.0857142857142856,0.028571428571428692,12.258427875864102,14.44,1.2809338454620642,0.0019683121236333534,150635.38562523996,0.0013378153908312207,1,0,2
259,2022-12-31,154342.0,3.5,208200.0,1566000.0,4.288571428571428,3.616190476190476,-0.6723809523809524,59.8,12,2022,2022-12-01,6.6,3.7857142857142856,2.342857142857143,1.1142857142857143,56.7,154242.0,100.0,3.5666666666666664,210750.0,10700.0,1458000.0,171500.0,0.10814838477413244,0.19104659582481937,6.466666666666666,0.0,3.809523809523809,-0.07142857142857162,2.3285714285714287,0.014285714285714235,1.0999999999999999,0.04285714285714293,12.246254435163005,14.331632653061224,1.252762968495368,0.0006483318421701689,150875.80623797633,0.0015960433980266586,1,0,2
260,2023-01-31,154776.0,3.5,204500.0,1604000.0,4.2075000000000005,3.5315,-0.6759999999999999,64.9,1,2023,2023-01-01,6.2,3.7857142857142856,2.3,1.0571428571428572,59.8,154342.0,434.0,3.5333333333333328,208200.0,1900.0,1566000.0,192600.0,0.15296125181831344,0.1879419241564173,6.3999999999999995,-0.20000000000000018,3.79047619047619,-0.05714285714285694,2.323809523809524,-0.014285714285714235,1.0952380952380953,-0.014285714285714235,12.228323254464993,14.331632653061224,1.252762968495368,0.002811937126640851,151620.50037232597,0.004935808814668707,1,0,2
261,2023-02-28,155066.0,3.6,214750.0,1646500.0,4.5336842105263155,3.7468421052631578,-0.7868421052631579,66.9,2,2023,2023-02-01,6.0,3.775,2.3125,1.1125,64.9,154776.0,290.0,3.5333333333333328,204500.0,4000.0,1604000.0,188500.0,0.16982784989755859,0.10848544236885443,6.266666666666667,-0.40000000000000036,3.782142857142857,-0.02499999999999991,2.318452380952381,-0.016071428571428736,1.0946428571428573,-0.0017857142857142794,12.277229839846502,14.250625,1.2809338454620642,0.0018736755052461973,151921.77461033754,0.0019870283851572967,1,0,2
262,2023-03-31,155134.0,3.5,229000.0,1683250.0,4.302608695652173,3.6630434782608696,-0.6395652173913043,62.0,3,2023,2023-03-01,5.9,3.7625,2.2875,2.0,66.9,155066.0,68.0,3.5333333333333328,214750.0,20800.0,1646500.0,117250.0,0.16774866952264098,0.10854961911457638,6.033333333333334,-0.6999999999999993,3.774404761904762,-0.02321428571428541,2.3,-0.05535714285714288,1.3898809523809523,0.8857142857142857,12.341477282536376,14.156406250000002,1.252762968495368,0.00043852295151736165,152176.87656820824,0.0016791665218827134,1,0,2
263,2023-04-30,155375.0,3.4,216400.0,1716000.0,4.016,3.46,-0.5559999999999999,63.7,4,2023,2023-04-01,6.0,3.6875,2.2375,1.8125,62.0,155134.0,241.0,3.4999999999999996,229000.0,11900.0,1683250.0,112000.0,0.25933806116922026,0.1474942130522717,5.966666666666668,-0.20000000000000018,3.7416666666666667,-0.09821428571428559,2.2791666666666663,-0.0625,1.6416666666666666,0.7553571428571428,12.284883825954463,13.59765625,1.2237754316221157,0.0015534956875991046,152475.32040723565,0.0019611641778811695,1,0,2
264,2023-05-31,155655.0,3.6,226000.0,1724500.0,4.131818181818182,3.5736363636363637,-0.5581818181818181,59.0,5,2023,2023-05-01,5.7,4.142857142857143,2.314285714285714,1.1285714285714286,63.7,155375.0,280.0,3.4999999999999996,216400.0,11250.0,1716000.0,78000.0,0.14418032417705876,0.10176239429029406,5.866666666666667,-0.2999999999999998,3.8642857142857143,0.3678571428571433,2.2797619047619047,0.0017857142857140573,1.6470238095238094,0.016071428571428514,12.328290278254423,17.16326530612245,1.2809338454620642,0.0018020917135961323,152816.39505577428,0.0022369170802702953,1,0,2
265,2023-06-30,155880.0,3.6,250750.0,1760250.0,4.639523809523809,3.7480952380952384,-0.8914285714285713,64.2,6,2023,2023-06-01,5.6,4.071428571428571,2.3285714285714287,1.1285714285714286,59.0,155655.0,225.0,3.5333333333333328,226000.0,21750.0,1724500.0,77000.0,0.3316526286861844,0.14511374172869684,5.766666666666666,-0.3000000000000007,3.967261904761905,0.308928571428571,2.293452380952381,0.04107142857142865,1.3565476190476191,-0.8714285714285714,12.432211705824182,16.576530612244895,1.2809338454620642,0.0014455044810639528,152707.46071195038,-0.0007128446118895848,0,0,1
266,2023-07-31,156043.0,3.5,235200.0,1777200.0,4.8285,3.8994999999999997,-0.9289999999999999,71.5,7,2023,2023-07-01,5.3,3.9285714285714284,2.342857142857143,1.1142857142857143,64.2,155880.0,163.0,3.566666666666666,250750.0,18800.0,1760250.0,61200.0,0.3602875149923066,0.16306768038094885,5.533333333333332,-0.7000000000000002,4.047619047619048,0.24107142857142838,2.3285714285714287,0.10535714285714315,1.1238095238095238,-0.6982142857142857,12.36819149500661,15.433673469387754,1.252762968495368,0.0010456761611497,153547.47552576556,0.005500810568775716,1,0,2
267,2023-08-31,156261.0,3.7,245000.0,1806750.0,4.901739130434782,4.167826086956522,-0.7339130434782608,69.4,8,2023,2023-08-01,5.6,3.8428571428571425,2.342857142857143,1.0857142857142856,71.5,156043.0,218.0,3.5999999999999996,235200.0,19000.0,1777200.0,82250.0,0.1352977243675192,0.21256225611749743,5.5,-0.10000000000000053,3.9476190476190474,-0.3000000000000007,2.3380952380952382,0.028571428571428914,1.1095238095238094,-0.04285714285714293,12.409013489526863,14.767551020408161,1.308332819650179,0.0013970508129168557,152845.214532937,-0.004573575634662319,0,1,0
268,2023-09-30,156417.0,3.7,218600.0,1800200.0,5.022,4.379,-0.643,67.8,9,2023,2023-09-01,5.6,3.857142857142857,2.3285714285714287,1.0714285714285714,69.4,156261.0,156.0,3.633333333333333,245000.0,-32150.0,1806750.0,39950.0,0.09769757500864004,0.24031699915299606,5.5,0.0,3.876190476190476,-0.21428571428571397,2.3380952380952382,0.0,1.0904761904761904,-0.05714285714285716,12.294998854724575,14.877551020408164,1.308332819650179,0.0009983297175879535,153393.12553828926,0.003584744259259587,1,0,2
269,2023-10-31,156576.0,3.9,210250.0,1810250.0,5.067619047619048,4.798095238095239,-0.26952380952380955,63.8,10,2023,2023-10-01,5.2,3.8428571428571425,2.314285714285714,1.0714285714285714,67.8,156417.0,159.0,3.766666666666666,218600.0,-24950.0,1800200.0,33050.0,0.08569317473725105,0.3207996371104637,5.466666666666666,-0.09999999999999964,3.847619047619047,-0.08571428571428585,2.3285714285714287,-0.028571428571428914,1.0761904761904761,-0.04285714285714293,12.256052577835195,14.767551020408161,1.3609765531356006,0.0010165135503175105,153904.83370401134,0.003335926326074823,1,0,2
270,2023-11-30,156703.0,3.7,218000.0,1801000.0,4.882380952380952,4.502857142857143,-0.3795238095238095,61.3,11,2023,2023-11-01,5.2,3.8,2.3285714285714287,1.1142857142857143,63.8,156576.0,127.0,3.7666666666666657,210250.0,-27000.0,1810250.0,-5750.0,0.09651228582512279,0.2153086711795306,5.333333333333333,-0.39999999999999947,3.8333333333333335,-0.042857142857142705,2.323809523809524,-0.014285714285714235,1.0857142857142856,0.028571428571428692,12.292250341771226,14.44,1.308332819650179,0.0008111077048844617,154167.8482655492,0.0017089428266021667,1,0,2
271,2023-12-31,156857.0,3.8,207800.0,1796400.0,4.457,4.0200000000000005,-0.437,69.7,12,2023,2023-12-01,5.2,3.7857142857142856,2.342857142857143,1.1142857142857143,61.3,156703.0,154.0,3.7999999999999994,218000.0,-10800.0,1801000.0,-3800.0,0.31308085427759996,0.3927995147727782,5.2,-0.39999999999999947,3.809523809523809,-0.07142857142857162,2.3285714285714287,0.014285714285714235,1.0999999999999999,0.04285714285714293,12.244331357647264,14.331632653061224,1.33500106673234,0.0009827508088549042,154615.08463000925,0.002900970400064873,1,0,2
272,2024-01-31,157032.0,3.7,211500.0,1777250.0,4.322857142857143,4.058095238095238,-0.2647619047619048,79.0,1,2024,2024-01-01,5.1,3.7857142857142856,2.3,1.0571428571428572,69.7,156857.0,175.0,3.733333333333333,207800.0,1250.0,1796400.0,-33000.0,0.2921215940309264,0.2684571410551561,5.166666666666667,-0.10000000000000053,3.79047619047619,-0.05714285714285694,2.323809523809524,-0.014285714285714235,1.0952380952380953,-0.014285714285714235,12.261980277468469,14.331632653061224,1.308332819650179,0.001115665861262105,154873.00854696427,0.0016681678736083505,1,0,2
273,2024-02-29,157238.0,3.9,210000.0,1793500.0,4.544,4.2075000000000005,-0.3365,76.9,2,2024,2024-02-01,5.1,3.775,2.3125,1.1125,79.0,157032.0,206.0,3.7999999999999994,211500.0,-8000.0,1777250.0,-7500.0,0.11140576689723376,0.09910371675276022,5.133333333333334,-0.10000000000000053,3.782142857142857,-0.02499999999999991,2.318452380952381,-0.016071428571428736,1.0946428571428573,-0.0017857142857142794,12.254862809699606,14.250625,1.3609765531356006,0.0013118345305416224,154853.11827178,-0.00012842957834213742,0,0,1
274,2024-03-31,157466.0,3.9,215200.0,1799000.0,4.588,4.2085,-0.3795,79.4,3,2024,2024-03-01,5.0,3.7625,2.2875,2.0,76.9,157238.0,228.0,3.8333333333333326,210000.0,7400.0,1793500.0,2600.0,0.14209204643422257,0.08654899891907311,5.066666666666666,-0.20000000000000018,3.774404761904762,-0.02321428571428541,2.3000000000000003,-0.05535714285714288,1.3898809523809523,0.8857142857142857,12.279323107269766,14.156406250000002,1.3609765531356006,0.0014500311629503937,155076.9837374512,0.0014456632722004148,1,0,2
275,2024-04-30,157530.0,3.9,210250.0,1783750.0,4.873181818181818,4.539090909090909,-0.33409090909090905,77.2,4,2024,2024-04-01,4.6,3.6875,2.2375,1.8125,79.4,157466.0,64.0,3.9,215200.0,-1250.0,1799000.0,6500.0,0.17871081801007266,0.19115607940685667,4.8999999999999995,-0.5,3.7416666666666667,-0.09821428571428559,2.279166666666667,-0.0625,1.6416666666666666,0.7553571428571428,12.256052577835195,13.59765625,1.3609765531356006,0.00040643694511821593,155757.5906141423,0.0043888323095282455,1,0,2
276,2024-05-31,157608.0,3.9,222000.0,1798750.0,4.856363636363636,4.482272727272727,-0.3740909090909091,69.1,5,2024,2024-05-01,4.7,4.142857142857143,2.314285714285714,1.1285714285714286,77.2,157530.0,78.0,3.9,210250.0,12000.0,1783750.0,5250.0,0.16001591690801034,0.17676262857145378,4.766666666666667,-0.39999999999999947,3.8642857142857143,0.3678571428571433,2.2797619047619047,0.0017857142857140573,1.6470238095238094,0.016071428571428514,12.310432660854417,17.16326530612245,1.3609765531356006,0.0004951437821367755,155574.24315793632,-0.0011771333614178925,0,1,0
277,2024-06-30,157695.0,4.1,234800.0,1841000.0,4.7368421052631575,4.3052631578947365,-0.431578947368421,68.2,6,2024,2024-06-01,4.5,4.071428571428571,2.3285714285714287,1.1285714285714286,69.1,157608.0,87.0,3.9666666666666663,222000.0,19600.0,1798750.0,42000.0,0.07433792768500912,0.1219536186875148,4.6000000000000005,-0.5,3.967261904761905,0.308928571428571,2.293452380952381,0.04107142857142865,1.3565476190476191,-0.8714285714285714,12.366489366936078,16.576530612244895,1.410986973710262,0.0005520024364245035,155636.38424769364,0.000399430448742244,0,0,1
278,2024-07-31,157748.0,4.2,237250.0,1864000.0,4.495909090909091,4.248636363636364,-0.24727272727272728,66.4,7,2024,2024-07-01,4.5,3.9285714285714284,2.342857142857143,1.1142857142857143,68.2,157695.0,53.0,4.0666666666666655,234800.0,27000.0,1841000.0,80250.0,0.18360355531288156,0.12187762434268441,4.566666666666666,-0.09999999999999964,4.047619047619048,0.24107142857142838,2.3285714285714287,0.10535714285714315,1.1238095238095238,-0.6982142857142857,12.376869716472175,15.433673469387754,1.4350845252893227,0.00033609182282257066,155611.114894982,-0.00016236147372472587,0,0,1
279,2024-08-31,157757.0,4.2,230600.0,1854400.0,3.9654545454545453,3.8709090909090906,-0.09454545454545454,67.9,8,2024,2024-08-01,4.6,3.8428571428571425,2.342857142857143,1.0857142857142856,66.4,157748.0,9.0,4.166666666666665,237250.0,8600.0,1864000.0,55650.0,0.39464530691635463,0.236131298891404,4.533333333333334,-0.10000000000000053,3.9476190476190474,-0.3000000000000007,2.3380952380952382,0.028571428571428914,1.1095238095238094,-0.04285714285714293,12.348439886817095,14.767551020408161,1.4350845252893227,5.705302127445577e-05,155787.71753057753,0.0011348973093261439,1,0,2
280,2024-09-30,157912.0,4.1,224500.0,1834750.0,3.6225,3.7235,0.101,70.1,9,2024,2024-09-01,4.2,3.857142857142857,2.3285714285714287,1.0714285714285714,67.9,157757.0,155.0,4.166666666666667,230600.0,-10300.0,1854400.0,-6250.0,0.440046074315708,0.27085529133277286,4.433333333333334,-0.2999999999999998,3.876190476190476,-0.21428571428571397,2.3380952380952382,0.0,1.0904761904761904,-0.05714285714285716,12.321630986164447,14.877551020408164,1.410986973710262,0.000982523754888831,156578.1677956368,0.005073893356863257,1,0,2
281,2024-10-31,157945.0,4.1,236250.0,1870000.0,3.972272727272727,4.095454545454545,0.12318181818181818,70.5,10,2024,2024-10-01,4.5,3.8428571428571425,2.314285714285714,1.0714285714285714,70.1,157912.0,33.0,4.133333333333333,224500.0,-1000.0,1834750.0,6000.0,0.20000219523589988,0.18730558148111956,4.433333333333334,0.0,3.847619047619047,-0.08571428571428585,2.3285714285714287,-0.028571428571428914,1.0761904761904761,-0.04285714285714293,12.37264584535599,14.767551020408161,1.410986973710262,0.0002089771518314354,155938.44119505066,-0.004085669219358268,0,1,0
282,2024-11-30,158079.0,4.2,219200.0,1873800.0,4.2573684210526315,4.35578947368421,0.09842105263157895,71.8,11,2024,2024-11-01,4.6,3.8,2.3285714285714287,1.1142857142857143,70.5,157945.0,134.0,4.133333333333333,236250.0,-11400.0,1870000.0,19400.0,0.31798281594176775,0.3177825349911505,4.433333333333333,0.0,3.8333333333333335,-0.042857142857142705,2.323809523809524,-0.014285714285714235,1.0857142857142856,0.028571428571428692,12.297739834055998,14.44,1.4350845252893227,0.0008483965937509108,155936.49531677936,-1.2478502775747913e-05,0,0,1
283,2024-12-31,158316.0,4.1,222750.0,1861750.0,4.225714285714285,4.3914285714285715,0.1657142857142857,74.0,12,2024,2024-12-01,4.4,3.7857142857142856,2.342857142857143,1.1142857142857143,71.8,158079.0,237.0,4.133333333333332,219200.0,-1750.0,1873800.0,27000.0,0.15626588582774015,0.16157817725771906,4.5,0.20000000000000018,3.809523809523809,-0.07142857142857162,2.3285714285714287,0.014285714285714235,1.0999999999999999,0.04285714285714293,12.313805345333055,14.331632653061224,1.410986973710262,0.0014992503748125774,156311.27596375393,0.0024034184314147833,1,0,2
284,2025-01-31,158268.0,4.0,222750.0,1861750.0,4.225714285714285,4.3914285714285715,0.1657142857142857,71.7,1,2025,2025-01-01,4.5,3.7857142857142856,2.3,1.0571428571428572,74.0,158316.0,-48.0,4.099999999999999,222750.0,-13500.0,1861750.0,-8250.0,0.018275523558638866,0.020576242676011658,4.5,0.0,3.79047619047619,-0.05714285714285694,2.323809523809524,-0.014285714285714235,1.0952380952380953,-0.014285714285714235,12.313805345333055,14.331632653061224,1.3862943611198906,-0.00030319108618204194,156451.31938623224,0.0008959265517785031,0,0,1
